3386270054.697,165.806,109.295,176.795,63.594,76.597,532.817,15.519,4.622,0.393,0.000
3386270055.732,165.844,109.345,176.755,63.556,76.361,532.906,15.520,4.563,0.391,0.000
3386270056.769,165.905,109.380,176.805,63.583,76.144,532.800,15.521,4.522,0.394,0.000
3386270057.805,165.988,109.435,176.831,63.557,76.106,532.945,15.516,4.574,0.390,0.000
3386270058.839,166.053,109.464,176.798,63.580,76.195,533.034,15.522,4.592,0.393,0.000
3386270059.874,166.126,109.556,176.837,63.606,76.239,533.136,15.510,4.599,0.390,0.000
3386270060.909,166.103,109.543,176.820,63.539,76.315,533.099,15.511,4.590,0.395,0.000
3386270061.943,166.122,109.626,176.779,63.505,76.413,533.107,15.507,4.502,0.393,0.000
3386270062.978,166.248,109.722,176.820,63.534,76.403,533.079,15.511,4.498,0.394,0.000
3386270064.014,166.322,109.830,176.841,63.562,76.405,533.166,15.503,4.587,0.389,0.000
3386270065.049,166.424,110.079,176.867,63.565,76.395,533.115,15.510,4.536,0.391,0.000
3386270066.083,166.429,110.399,176.823,63.551,76.460,533.121,15.504,4.595,0.398,0.000
3386270067.119,166.456,110.561,176.808,63.585,76.414,533.090,15.508,4.617,0.391,0.000
3386270068.155,166.515,110.600,176.811,63.588,76.339,533.079,15.502,4.579,0.397,0.000
3386270069.190,166.589,110.688,176.870,63.598,76.374,533.104,15.508,4.574,0.400,0.000
3386270070.226,166.612,110.746,176.844,63.557,76.445,533.033,15.506,4.531,0.399,0.000
3386270071.260,166.679,110.772,176.876,63.536,76.523,533.010,15.508,4.601,0.400,0.000
3386270072.296,166.700,110.744,176.813,63.514,76.660,533.060,15.504,4.534,0.400,0.000
3386270073.332,166.800,110.764,176.869,63.579,76.654,533.019,15.500,4.536,0.399,0.000
3386270074.369,166.885,110.826,176.839,63.553,76.530,532.906,15.498,4.526,0.398,0.000
3386270075.406,166.961,110.815,176.856,63.535,76.458,532.869,15.501,4.588,0.399,0.000
3386270076.441,167.014,110.862,176.869,63.544,76.453,532.922,15.498,4.550,0.399,0.000
3386270077.475,167.050,110.908,176.903,63.532,76.488,532.865,15.507,4.495,0.397,0.000
3386270078.510,167.067,110.874,176.832,63.489,76.465,532.975,15.504,4.545,0.395,0.000
3386270079.545,167.065,110.901,176.870,63.470,76.530,533.035,15.508,4.550,0.396,0.000
3386270080.579,167.143,110.920,176.866,63.488,76.510,533.050,15.504,4.601,0.385,0.000
3386270081.613,167.140,110.926,176.845,63.439,76.435,532.981,15.498,4.527,0.391,0.000
3386270082.646,167.233,110.984,176.846,63.508,76.505,533.013,15.496,4.563,0.395,0.000
3386270083.681,167.285,111.029,176.842,63.551,76.622,533.023,15.506,4.544,0.377,0.000
3386270084.716,167.303,111.050,176.895,63.541,76.793,533.029,15.503,4.538,0.381,0.000
3386270085.752,167.289,110.988,176.859,63.488,76.813,533.029,15.506,4.597,0.373,0.000
3386270086.786,167.342,110.996,176.850,63.493,76.812,532.984,15.502,4.598,0.374,0.000
3386270087.821,167.407,110.986,176.814,63.466,76.792,533.179,15.506,4.597,0.374,0.000
3386270088.855,167.446,111.060,176.797,63.493,76.695,533.053,15.501,4.580,0.374,0.000
3386270089.889,167.529,111.014,176.801,63.504,76.612,533.071,15.507,4.573,0.375,0.000
3386270090.923,167.604,111.061,176.803,63.541,76.569,533.161,15.496,4.592,0.378,0.000
3386270091.956,167.622,111.133,176.754,63.508,76.536,533.177,15.503,4.595,0.383,0.000
3386270092.991,167.669,111.150,176.746,63.485,76.661,533.097,15.498,4.533,0.447,0.000
3386270094.026,167.698,111.171,176.699,63.461,76.817,533.168,15.503,4.501,0.513,0.000
3386270095.062,167.737,111.239,176.714,63.507,77.013,533.144,15.496,4.533,0.587,0.000
3386270096.097,167.837,111.245,176.731,63.491,77.263,533.278,15.503,4.465,0.509,0.000
3386270097.133,167.845,111.285,176.738,63.492,77.583,533.239,15.500,4.500,0.463,0.000
3386270098.169,167.923,111.335,176.691,63.537,77.917,533.241,15.508,4.620,0.485,0.000
3386270099.204,167.987,111.387,176.706,63.525,78.072,533.347,15.507,4.601,0.464,0.000
3386270100.239,168.029,111.418,176.715,63.549,78.167,533.240,15.510,4.606,0.461,0.000
3386270101.271,168.093,111.446,176.709,63.554,78.140,533.371,15.504,4.512,0.445,0.000
3386270102.298,168.172,111.412,176.716,63.509,78.094,533.289,15.512,4.598,0.387,0.000
3386270103.329,168.231,111.526,176.707,63.585,77.897,533.310,15.506,4.519,0.391,0.000
3386270104.361,168.307,111.610,176.720,63.595,77.672,533.275,15.514,4.619,0.385,0.000
3386270105.400,168.353,111.618,176.670,63.559,77.524,533.321,15.511,4.642,0.381,0.000
3386270106.433,168.382,111.608,176.721,63.544,77.375,533.308,15.516,4.630,0.375,0.000
3386270107.467,168.440,111.693,176.695,63.569,77.240,533.359,15.513,4.677,0.391,0.000
3386270108.503,168.517,111.772,176.708,63.585,77.104,533.395,15.517,4.588,0.389,0.000
3386270109.538,168.547,111.800,176.664,63.596,77.116,533.457,15.510,4.543,0.390,0.000
3386270110.574,168.581,111.802,176.637,63.584,77.129,533.542,15.515,4.574,0.392,0.000
3386270111.607,168.648,111.844,176.653,63.537,77.148,533.423,15.509,4.537,0.393,0.000
3386270112.641,168.705,111.916,176.613,63.597,77.214,533.465,15.520,4.550,0.391,0.000
3386270113.676,168.787,111.932,176.586,63.578,77.101,533.410,15.507,4.627,0.392,0.000
3386270114.710,168.864,111.969,176.588,63.562,77.113,533.461,15.511,4.616,0.380,0.000
3386270115.745,168.935,112.040,176.589,63.578,77.151,533.506,15.507,4.634,0.382,0.000
3386270116.773,168.963,112.092,176.610,63.575,77.101,533.496,15.512,4.609,0.376,0.000
3386270117.806,168.892,112.031,176.532,63.466,77.098,533.366,15.513,4.565,0.377,0.000
3386270118.840,168.954,112.146,176.553,63.508,77.199,533.356,15.510,4.502,0.376,0.000
3386270119.876,169.043,112.188,176.622,63.534,77.238,533.404,15.503,4.511,0.378,0.000
3386270120.910,169.066,112.233,176.579,63.512,77.179,533.381,15.501,4.558,0.379,0.000
3386270121.945,169.100,112.252,176.613,63.513,77.128,533.429,15.510,4.519,0.379,0.000
3386270122.981,169.192,112.439,176.689,63.525,77.094,533.392,15.505,4.566,0.380,0.000
3386270124.017,169.218,112.517,176.702,63.531,77.104,533.418,15.513,4.547,0.381,0.000
3386270125.053,169.268,112.586,176.699,63.547,77.060,533.429,15.506,4.588,0.380,0.000
3386270126.090,169.299,112.643,176.684,63.511,76.973,533.360,15.510,4.512,0.383,0.000
3386270127.127,169.322,112.659,176.692,63.492,76.912,533.306,15.510,4.602,0.381,0.000
3386270128.162,169.317,112.703,176.662,63.465,76.830,533.270,15.519,4.644,0.383,0.000
3386270129.195,169.433,112.825,176.695,63.486,76.815,533.297,15.515,4.606,0.380,0.000
3386270130.229,169.407,112.870,176.656,63.470,76.716,533.380,15.522,4.652,0.379,0.000
3386270131.264,169.497,112.911,176.703,63.507,76.649,533.354,15.510,4.684,0.379,0.000
3386270132.298,169.588,112.982,176.748,63.519,76.663,533.469,15.511,4.684,0.381,0.000
3386270133.332,169.622,113.023,176.729,63.496,76.611,533.347,15.512,4.605,0.381,0.000
3386270134.367,169.706,113.098,176.748,63.513,76.598,533.339,15.514,4.598,0.387,0.000
3386270135.401,169.784,113.172,176.784,63.492,76.628,533.391,15.508,4.710,0.391,0.000
3386270136.436,169.809,113.229,176.805,63.554,76.650,533.303,15.511,4.692,0.389,0.000
3386270137.473,169.872,113.186,176.785,63.464,76.639,533.343,15.513,4.624,0.394,0.000
3386270138.508,169.865,113.240,176.777,63.446,76.799,533.202,15.512,4.644,0.391,0.000
3386270139.543,169.932,113.319,176.843,63.456,76.852,533.264,15.525,4.613,0.389,0.000
3386270140.579,169.985,113.329,176.883,63.468,76.879,533.418,15.514,4.630,0.391,0.000
3386270141.614,170.006,113.454,176.855,63.469,76.917,533.368,15.518,4.606,0.386,0.000
3386270142.649,170.088,113.455,176.847,63.474,77.036,533.379,15.511,4.588,0.387,0.000
3386270143.683,170.147,113.505,176.824,63.459,77.065,533.417,15.516,4.626,0.387,0.000
3386270144.720,170.160,113.543,176.859,63.446,77.083,533.416,15.510,4.645,0.389,0.000
3386270145.756,170.245,113.595,176.847,63.438,77.070,533.481,15.518,4.649,0.387,0.000
3386270146.792,170.330,113.613,176.820,63.433,77.130,533.466,15.504,4.604,0.389,0.000
3386270147.828,170.354,113.612,176.835,63.378,77.213,533.412,15.515,4.617,0.390,0.000
3386270148.862,170.375,113.598,176.765,63.340,77.130,533.416,15.512,4.554,0.390,0.000
3386270149.896,170.495,113.628,176.836,63.396,77.009,533.412,15.514,4.604,0.391,0.000
3386270150.930,170.584,113.675,176.799,63.380,76.990,533.392,15.504,4.594,0.391,0.000
3386270151.964,170.596,113.702,176.827,63.414,77.043,533.455,15.512,4.584,0.390,0.000
3386270152.999,170.656,113.681,176.783,63.359,77.099,533.449,15.505,4.631,0.388,0.000
3386270154.034,170.703,113.696,176.788,63.358,77.040,533.393,15.511,4.594,0.390,0.000
3386270155.069,170.750,113.738,176.740,63.339,76.965,533.265,15.513,4.577,0.388,0.000
3386270156.103,170.780,113.740,176.736,63.332,77.010,533.438,15.524,4.573,0.388,0.000
3386270157.139,170.811,113.770,176.753,63.356,77.183,533.333,15.511,4.605,0.389,0.000
3386270158.176,170.888,113.784,176.755,63.346,77.275,533.388,15.518,4.565,0.388,0.000
3386270159.211,170.992,113.803,176.745,63.379,77.244,533.397,15.508,4.701,0.386,0.000
3386270160.246,171.034,113.795,176.730,63.366,77.173,533.426,15.512,4.610,0.384,0.000
3386270161.281,171.129,113.843,176.742,63.373,77.268,533.449,15.508,4.712,0.384,0.000
3386270162.318,171.110,113.881,176.789,63.408,77.278,533.452,15.512,4.739,0.384,0.000
3386270163.354,171.237,113.902,176.796,63.466,77.317,533.397,15.503,4.604,0.386,0.000
3386270164.392,171.243,113.927,176.773,63.461,77.381,533.461,15.510,4.642,0.385,0.000
3386270165.426,171.352,113.933,176.777,63.527,77.396,533.477,15.504,4.591,0.384,0.000
3386270166.462,171.329,113.952,176.786,63.477,77.413,533.464,15.513,4.540,0.383,0.000
3386270167.498,171.362,113.943,176.748,63.440,77.433,533.515,15.509,4.619,0.382,0.000
3386270168.532,171.421,113.926,176.741,63.444,77.573,533.541,15.511,4.624,0.382,0.000
3386270169.567,171.528,113.951,176.747,63.504,77.630,533.541,15.503,4.630,0.383,0.000
3386270170.602,171.573,113.923,176.752,63.440,77.547,533.553,15.507,4.624,0.383,0.000
3386270171.637,171.605,113.953,176.735,63.460,77.495,533.527,15.508,4.622,0.385,0.000
3386270172.672,171.687,113.981,176.737,63.463,77.406,533.593,15.508,4.642,0.387,0.000
3386270173.708,171.767,114.014,176.698,63.435,77.378,533.650,15.511,4.622,0.387,0.000
3386270174.744,171.866,114.060,176.753,63.539,77.419,533.718,15.516,4.667,0.388,0.000
3386270175.779,171.847,114.047,176.724,63.499,77.273,533.768,15.514,4.619,0.391,0.000
3386270176.815,171.945,114.046,176.713,63.526,77.377,533.778,15.510,4.645,0.381,0.000
3386270177.851,172.023,114.028,176.727,63.496,77.353,533.795,15.518,4.649,0.383,0.000
3386270178.887,172.036,114.054,176.721,63.466,77.384,533.830,15.515,4.573,0.381,0.000
3386270179.923,172.084,114.068,176.731,63.453,77.448,533.793,15.519,4.597,0.375,0.000
3386270180.960,172.131,114.083,176.722,63.485,77.441,533.858,15.509,4.595,0.379,0.000
3386270181.993,172.138,114.029,176.728,63.476,77.339,533.864,15.519,4.653,0.377,0.000
3386270183.031,172.197,114.067,176.721,63.458,77.457,533.831,15.520,4.674,0.381,0.000
3386270184.066,172.190,114.039,176.780,63.421,77.421,533.762,15.520,4.635,0.382,0.000
3386270185.101,172.231,114.051,176.778,63.459,77.268,533.937,15.513,4.660,0.386,0.000
3386270186.137,172.166,114.020,176.780,63.444,77.218,533.809,15.522,4.616,0.387,0.000
3386270187.173,172.231,114.065,176.777,63.497,77.325,533.936,15.517,4.721,0.386,0.000
3386270188.209,172.197,114.037,176.744,63.432,77.262,533.755,15.522,4.591,0.387,0.000
3386270189.244,172.235,114.048,176.740,63.394,77.205,533.859,15.518,4.525,0.386,0.000
3386270190.277,172.289,114.125,176.760,63.449,77.216,533.985,15.521,4.627,0.383,0.000
3386270191.312,172.352,114.207,176.797,63.419,77.336,533.814,15.514,4.664,0.380,0.000
3386270192.348,172.377,114.257,176.767,63.451,77.290,533.889,15.519,4.666,0.381,0.000
3386270193.383,172.334,114.278,176.735,63.412,77.192,533.746,15.509,4.586,0.381,0.000
3386270194.419,172.375,114.324,176.784,63.385,77.203,533.863,15.517,4.635,0.380,0.000
3386270195.454,172.406,114.416,176.777,63.419,77.151,533.789,15.514,4.631,0.377,0.000
3386270196.490,172.430,114.474,176.747,63.435,77.118,533.847,15.516,4.651,0.378,0.000
3386270197.526,172.441,114.535,176.695,63.362,77.201,533.838,15.522,4.619,0.378,0.000
3386270198.562,172.471,114.628,176.769,63.397,77.245,533.918,15.520,4.633,0.378,0.000
3386270199.599,172.520,114.677,176.751,63.399,77.273,533.833,15.518,4.610,0.379,0.000
3386270200.635,172.611,114.680,176.784,63.383,77.302,533.836,15.514,4.563,0.380,0.000
3386270201.671,172.693,114.800,176.761,63.379,77.190,533.787,15.522,4.594,0.383,0.000
3386270202.706,172.688,114.823,176.762,63.387,77.116,533.862,15.516,4.580,0.439,0.000
3386270203.742,172.676,114.823,176.690,63.338,77.095,533.740,15.524,4.581,0.445,0.000
3386270204.778,172.718,114.893,176.758,63.388,77.244,533.850,15.515,4.576,0.446,0.000
3386270205.811,172.790,114.912,176.679,63.348,77.520,533.866,15.521,4.543,0.447,0.000
3386270206.843,172.784,114.887,176.652,63.307,77.632,533.843,15.515,4.623,0.449,0.000
3386270207.879,172.825,114.934,176.709,63.310,77.823,533.831,15.516,4.545,0.448,0.000
3386270208.914,172.883,114.974,176.640,63.306,77.906,533.784,15.518,4.527,0.446,0.000
3386270209.950,172.983,115.084,176.733,63.323,77.985,533.945,15.515,4.519,0.446,0.000
3386270210.986,173.022,115.066,176.725,63.347,78.014,533.917,15.515,4.608,0.446,0.000
3386270212.020,173.076,115.089,176.714,63.361,78.070,533.878,15.514,4.586,0.444,0.000
3386270213.055,173.083,115.103,176.694,63.292,77.949,533.820,15.517,4.616,0.444,0.000
3386270214.088,173.111,115.067,176.641,63.301,77.985,533.651,15.510,4.626,0.443,0.000
3386270215.125,173.157,115.134,176.667,63.304,78.080,533.751,15.513,4.577,0.442,0.000
3386270216.160,173.206,115.132,176.682,63.328,78.054,533.723,15.512,4.640,0.442,0.000
3386270217.194,173.213,115.210,176.727,63.329,78.014,533.610,15.521,4.655,0.442,0.000
3386270218.229,173.264,115.156,176.684,63.333,77.962,533.672,15.521,4.594,0.443,0.000
3386270219.266,173.293,115.163,176.667,63.290,77.903,533.599,15.522,4.599,0.443,0.000
3386270220.301,173.340,115.211,176.677,63.307,77.910,533.628,15.518,4.574,0.445,0.000
3386270221.336,173.412,115.219,176.694,63.325,77.994,533.611,15.521,4.648,0.446,0.000
3386270222.371,173.401,115.195,176.686,63.286,78.051,533.576,15.519,4.612,0.447,0.000
3386270223.407,173.471,115.182,176.691,63.308,78.111,533.508,15.520,4.569,0.448,0.000
3386270224.443,173.518,115.196,176.691,63.295,77.957,533.426,15.519,4.586,0.448,0.000
3386270225.479,173.485,115.209,176.630,63.263,77.947,533.262,15.513,4.446,0.450,0.000
3386270226.515,173.543,115.225,176.613,63.263,77.952,533.283,15.522,4.516,0.449,0.000
3386270227.551,173.600,115.245,176.694,63.273,77.965,533.325,15.508,4.548,0.448,0.549
3386270228.587,173.675,115.281,176.667,63.277,77.985,533.420,15.522,4.602,0.448,0.000
3386270229.624,173.704,115.335,176.693,63.337,78.109,533.355,15.517,4.642,0.448,0.518
3386270230.659,173.738,115.353,176.712,63.321,78.078,533.481,15.521,4.651,0.447,0.000
3386270231.693,173.753,115.393,176.696,63.313,78.080,533.464,15.518,4.595,0.446,0.482
3386270232.730,173.874,115.422,176.662,63.327,78.159,533.560,15.521,4.685,0.448,0.000
3386270233.765,173.813,115.411,176.647,63.321,78.138,533.555,15.518,4.669,0.446,0.454
3386270234.799,173.942,115.493,176.663,63.356,78.281,533.697,15.518,4.645,0.446,0.000
3386270235.833,174.011,115.521,176.619,63.374,78.359,533.705,15.517,4.653,0.447,0.518
3386270236.866,173.993,115.455,176.575,63.303,78.309,533.745,15.509,4.698,0.447,0.000
3386270237.902,174.083,115.513,176.623,63.350,78.264,533.765,15.515,4.759,0.447,0.524
3386270238.939,174.114,115.588,176.662,63.347,78.302,533.799,15.512,4.674,0.447,0.000
3386270239.974,174.180,115.615,176.632,63.356,78.340,533.820,15.515,4.680,0.447,0.000
3386270241.009,174.225,115.591,176.629,63.313,78.250,533.662,15.510,4.646,0.447,0.000
3386270242.044,174.270,115.630,176.556,63.306,78.170,533.617,15.515,4.651,0.447,0.456
3386270243.077,174.341,115.628,176.618,63.313,78.048,533.706,15.509,4.626,0.447,0.000
3386270244.112,174.396,115.728,176.640,63.328,78.187,533.725,15.517,4.641,0.447,0.471
3386270245.147,174.478,115.734,176.665,63.325,78.298,533.641,15.510,4.583,0.449,0.000
3386270246.180,174.515,115.809,176.622,63.318,78.310,533.728,15.514,4.610,0.448,0.449
3386270247.215,174.531,115.821,176.668,63.339,78.279,533.639,15.513,4.642,0.450,0.000
3386270248.250,174.585,115.862,176.682,63.340,78.248,533.620,15.517,4.688,0.450,0.000
3386270249.285,174.561,115.903,176.682,63.314,78.227,533.670,15.519,4.714,0.446,0.552
3386270250.322,174.585,115.903,176.686,63.320,78.234,533.680,15.521,4.702,0.447,0.000
3386270251.358,174.608,115.934,176.619,63.302,78.188,533.639,15.520,4.683,0.447,0.479
3386270252.394,174.635,115.972,176.624,63.272,78.248,533.555,15.517,4.694,0.446,0.000
3386270253.430,174.651,115.989,176.677,63.352,78.263,533.624,15.517,4.677,0.445,0.000
3386270254.465,174.736,116.095,176.687,63.336,78.419,533.661,15.515,4.698,0.445,0.532
3386270255.499,174.733,116.072,176.635,63.311,78.424,533.563,15.520,4.728,0.444,0.000
3386270256.533,174.706,116.064,176.651,63.306,78.346,533.555,15.516,4.667,0.446,0.508
3386270257.570,174.718,116.094,176.667,63.320,78.303,533.446,15.521,4.678,0.444,0.000
3386270258.605,174.823,116.111,176.675,63.343,78.236,533.573,15.513,4.633,0.446,0.463
3386270259.638,174.868,116.144,176.719,63.346,78.148,533.460,15.521,4.640,0.446,0.000
3386270260.675,174.896,116.167,176.735,63.339,78.096,533.513,15.512,4.701,0.446,0.441
3386270261.709,174.939,116.187,176.697,63.313,78.207,533.546,15.521,4.612,0.447,0.552
3386270262.745,174.947,116.218,176.712,63.314,78.395,533.658,15.517,4.580,0.448,0.400
3386270263.781,175.004,116.295,176.664,63.338,78.444,533.708,15.521,4.630,0.449,0.473
3386270264.817,175.087,116.271,176.713,63.336,78.441,533.762,15.513,4.555,0.449,0.558
3386270265.853,175.134,116.331,176.696,63.358,78.379,533.673,15.524,4.597,0.448,0.000
3386270266.889,175.134,116.387,176.707,63.346,78.299,533.699,15.516,4.695,0.449,0.515
3386270267.928,175.202,116.410,176.708,63.347,78.345,533.733,15.514,4.587,0.448,0.000
3386270268.962,175.268,116.477,176.715,63.339,78.457,533.712,15.522,4.628,0.447,0.472
3386270269.996,175.393,116.560,176.775,63.392,78.596,533.734,15.519,4.562,0.449,0.555
3386270271.031,175.407,116.559,176.805,63.413,78.629,533.778,15.521,4.615,0.447,0.000
3386270272.066,175.435,116.581,176.789,63.340,78.531,533.651,15.517,4.615,0.448,0.485
3386270273.101,175.464,116.577,176.707,63.320,78.445,533.689,15.521,4.602,0.447,0.000
3386270274.137,175.560,116.591,176.751,63.315,78.383,533.632,15.515,4.606,0.445,0.459
3386270275.171,175.609,116.732,176.774,63.391,78.345,533.710,15.523,4.608,0.445,0.542
3386270276.208,175.706,116.722,176.850,63.406,78.313,533.741,15.523,4.592,0.445,0.000
3386270277.243,175.713,116.733,176.776,63.390,78.351,533.734,15.522,4.587,0.446,0.526
3386270278.277,175.698,116.714,176.787,63.375,78.324,533.627,15.518,4.544,0.447,0.000
3386270279.312,175.726,116.802,176.835,63.366,78.388,533.639,15.520,4.646,0.445,0.463
3386270280.346,175.837,116.851,176.833,63.374,78.414,533.627,15.517,4.613,0.446,0.529
3386270281.381,175.868,116.847,176.797,63.429,78.359,533.636,15.516,4.610,0.446,0.000
3386270282.417,175.878,116.803,176.820,63.375,78.364,533.652,15.523,4.664,0.448,0.539
3386270283.452,175.915,116.874,176.846,63.387,78.352,533.602,15.515,4.623,0.447,0.000
3386270284.489,175.954,116.913,176.864,63.369,78.419,533.716,15.524,4.580,0.448,0.482
3386270285.525,175.928,116.967,176.841,63.374,78.477,533.643,15.516,4.637,0.446,0.521
3386270286.562,175.958,116.865,176.882,63.371,78.502,533.616,15.519,4.606,0.446,0.000
3386270287.598,175.993,116.959,176.910,63.372,78.477,533.576,15.515,4.662,0.445,0.554
3386270288.633,175.988,116.955,176.873,63.378,78.502,533.595,15.514,4.627,0.444,0.000
3386270289.667,176.020,117.019,176.891,63.369,78.441,533.577,15.516,4.550,0.445,0.507
3386270290.703,175.984,117.044,176.917,63.393,78.325,533.791,15.521,4.531,0.447,0.564
3386270291.737,176.040,117.058,176.962,63.410,78.259,533.704,15.528,4.555,0.446,0.427
3386270292.773,176.059,117.058,176.977,63.387,78.283,533.833,15.513,4.634,0.446,0.490
3386270293.809,176.008,117.073,176.963,63.407,78.327,533.868,15.521,4.608,0.445,0.617
3386270294.845,175.996,117.119,176.928,63.354,78.388,533.856,15.509,4.626,0.445,0.408
3386270295.882,175.937,117.164,176.932,63.350,78.452,533.934,15.518,4.536,0.447,0.506
3386270296.918,176.007,117.168,176.938,63.407,78.493,533.964,15.515,4.556,0.447,0.536
3386270297.954,176.026,117.184,176.891,63.343,78.398,533.993,15.517,4.617,0.448,0.455
3386270298.990,176.050,117.181,176.862,63.285,78.368,534.050,15.518,4.590,0.447,0.549
3386270300.025,176.082,117.202,176.835,63.325,78.342,533.955,15.515,4.570,0.446,0.000
3386270301.061,176.181,117.232,176.914,63.331,78.404,533.997,15.520,4.592,0.446,0.455
3386270302.098,176.209,117.241,176.929,63.341,78.475,533.985,15.511,4.573,0.445,0.000
3386270303.133,176.263,117.262,176.920,63.306,78.519,533.960,15.521,4.609,0.445,0.000
3386270304.170,176.325,117.249,176.867,63.330,78.477,533.883,15.511,4.495,0.443,0.000
3386270305.207,176.425,117.263,176.952,63.364,78.591,533.995,15.515,4.538,0.443,0.000
3386270306.244,176.468,117.308,176.950,63.355,78.545,534.087,15.515,4.608,0.445,0.000
3386270307.277,176.524,117.327,176.937,63.380,78.533,534.094,15.520,4.527,0.445,0.000
3386270308.311,176.549,117.376,176.905,63.334,78.479,534.166,15.512,4.569,0.445,0.473
3386270309.345,176.559,117.396,176.885,63.367,78.540,534.207,15.518,4.540,0.446,0.571
3386270310.381,176.587,117.396,176.932,63.353,78.664,534.263,15.518,4.573,0.447,0.385
3386270311.417,176.574,117.376,176.941,63.373,78.669,534.354,15.514,4.569,0.448,0.530
3386270312.453,176.610,117.395,177.004,63.400,78.688,534.287,15.520,4.634,0.447,0.583
3386270313.488,176.618,117.358,177.004,63.325,78.635,534.331,15.517,4.604,0.448,0.000
3386270314.523,176.619,117.357,177.038,63.360,78.576,534.265,15.521,4.610,0.452,0.492
3386270315.557,176.617,117.359,176.978,63.356,78.549,534.225,15.516,4.497,0.447,0.000
3386270316.593,176.665,117.327,176.942,63.341,78.625,534.268,15.521,4.598,0.452,0.000
3386270317.627,176.705,117.351,176.973,63.374,78.603,534.392,15.514,4.547,0.451,0.574
3386270318.661,176.679,117.347,177.042,63.354,78.646,534.392,15.522,4.573,0.450,0.445
3386270319.698,176.728,117.358,176.937,63.355,78.706,534.274,15.518,4.558,0.451,0.475
3386270320.734,176.798,117.353,176.973,63.350,78.755,534.350,15.524,4.609,0.452,0.619
3386270321.770,176.762,117.305,176.853,63.279,78.641,534.126,15.522,4.498,0.453,0.470
3386270322.807,176.800,117.255,176.787,63.254,78.630,534.133,15.523,4.587,0.450,0.524
3386270323.843,176.903,117.270,176.802,63.262,78.660,534.215,15.521,4.538,0.451,0.570
3386270324.877,176.976,117.254,176.770,63.280,78.662,534.261,15.518,4.480,0.447,0.479
3386270325.913,177.020,117.250,176.798,63.238,78.644,534.148,15.522,4.509,0.446,0.532
3386270326.948,177.026,117.236,176.810,63.241,78.761,534.180,15.518,4.544,0.445,0.581
3386270327.984,177.049,117.264,176.804,63.233,78.783,534.236,15.523,4.558,0.443,0.483
3386270329.019,177.119,117.314,176.785,63.254,78.780,534.288,15.515,4.595,0.445,0.525
3386270330.055,177.134,117.354,176.767,63.282,78.765,534.394,15.517,4.547,0.442,0.579
3386270331.092,177.160,117.384,176.749,63.265,78.827,534.273,15.517,4.480,0.444,0.576
3386270332.128,177.234,117.397,176.714,63.252,78.798,534.479,15.518,4.440,0.447,0.511
3386270333.165,177.344,117.487,176.752,63.299,78.789,534.422,15.512,4.604,0.445,0.567
3386270334.200,177.330,117.510,176.718,63.285,78.772,534.387,15.519,4.556,0.445,0.613
3386270335.236,177.351,117.505,176.732,63.296,78.840,534.361,15.513,4.595,0.446,0.507
3386270336.271,177.370,117.544,176.685,63.293,78.890,534.260,15.515,4.526,0.449,0.537
3386270337.308,177.343,117.579,176.714,63.236,78.865,534.252,15.516,4.653,0.455,0.584
3386270338.343,177.417,117.626,176.702,63.285,78.905,534.185,15.515,4.613,0.551,0.572
3386270339.377,177.454,117.651,176.786,63.301,78.977,534.270,15.515,4.619,0.595,0.480
3386270340.415,177.453,117.711,176.714,63.300,79.175,534.295,15.515,4.608,0.543,0.573
3386270341.448,177.479,117.683,176.696,63.285,79.396,534.210,15.521,4.637,0.525,0.636
3386270342.482,177.425,117.674,176.663,63.218,79.481,534.090,15.511,4.555,0.517,0.494
3386270343.518,177.395,117.723,176.589,63.248,79.567,534.099,15.518,4.529,0.509,0.530
3386270344.552,177.452,117.745,176.652,63.270,79.603,534.137,15.514,4.597,0.491,0.607
3386270345.587,177.472,117.862,176.690,63.321,79.639,534.167,15.518,4.633,0.494,0.562
3386270346.622,177.505,117.921,176.686,63.321,79.612,534.117,15.519,4.606,0.473,0.491
3386270347.657,177.545,117.971,176.723,63.342,79.607,534.132,15.526,4.680,0.451,0.573
3386270348.692,177.557,117.995,176.705,63.377,79.636,534.180,15.521,4.609,0.457,0.629
3386270349.727,177.577,118.048,176.714,63.388,79.484,534.120,15.524,4.634,0.461,0.497
3386270350.763,177.564,118.037,176.637,63.332,79.308,534.111,15.521,4.617,0.461,0.546
3386270351.799,177.575,118.072,176.678,63.310,79.315,534.095,15.520,4.581,0.469,0.582
3386270352.834,177.571,118.065,176.673,63.250,79.334,534.080,15.523,4.646,0.467,0.563
3386270353.869,177.539,118.133,176.654,63.246,79.289,534.013,15.520,4.577,0.470,0.506
3386270354.905,177.596,118.159,176.624,63.306,79.311,534.020,15.527,4.573,0.466,0.561
3386270355.939,177.611,118.246,176.706,63.343,79.254,534.059,15.522,4.656,0.463,0.629
3386270356.974,177.602,118.255,176.723,63.312,79.216,534.107,15.525,4.599,0.462,0.494
3386270358.008,177.611,118.304,176.690,63.301,79.090,534.048,15.517,4.626,0.491,0.538
3386270359.040,177.651,118.372,176.724,63.346,79.117,534.063,15.527,4.705,0.494,0.612
3386270360.077,177.698,118.441,176.730,63.335,79.148,534.150,15.517,4.624,0.497,0.548
3386270361.112,177.714,118.422,176.710,63.319,79.283,534.151,15.519,4.701,0.493,0.508
3386270362.147,177.726,118.484,176.725,63.322,79.461,534.099,15.524,4.648,0.495,0.571
3386270363.181,177.742,118.510,176.734,63.328,79.536,534.147,15.518,4.631,0.497,0.622
3386270364.218,177.824,118.586,176.709,63.357,79.493,534.156,15.526,4.519,0.501,0.477
3386270365.252,177.726,118.614,176.704,63.459,79.518,534.004,15.521,4.574,0.501,0.542
3386270366.287,177.770,118.615,176.676,63.306,79.394,534.050,15.524,4.548,0.502,0.629
3386270367.323,177.803,118.647,176.682,63.311,79.430,534.063,15.514,4.554,0.502,0.507
3386270368.358,177.815,118.630,176.673,63.274,79.489,533.995,15.518,4.533,0.504,0.535
3386270369.396,177.850,118.641,176.674,63.241,79.416,533.931,15.512,4.573,0.504,0.583
3386270370.431,177.875,118.640,176.676,63.231,79.455,533.849,15.514,4.511,0.507,0.635
3386270371.466,177.896,118.690,176.685,63.257,79.423,533.858,15.510,4.558,0.509,0.467
3386270372.504,177.944,118.701,176.614,63.236,79.375,533.791,15.510,4.566,0.510,0.570
3386270373.539,177.915,118.659,176.609,63.142,79.388,533.799,15.512,4.599,0.513,0.641
3386270374.574,177.964,118.748,176.644,63.143,79.457,533.707,15.516,4.592,0.511,0.570
3386270375.610,178.004,118.790,176.656,63.200,79.526,533.795,15.516,4.681,0.512,0.500
3386270376.645,178.018,118.784,176.621,63.113,79.492,533.783,15.507,4.543,0.505,0.582
3386270377.681,178.057,118.780,176.622,63.132,79.595,533.715,15.514,4.513,0.505,0.643
3386270378.717,178.122,118.859,176.675,63.172,79.682,533.791,15.510,4.533,0.496,0.539
3386270379.752,178.126,118.890,176.667,63.165,79.688,533.830,15.517,4.471,0.495,0.514
3386270380.787,178.151,118.880,176.661,63.139,79.589,533.752,15.515,4.527,0.494,0.593
3386270381.823,178.168,118.879,176.640,63.151,79.542,533.823,15.523,4.540,0.495,0.638
3386270382.859,178.126,118.918,176.599,63.134,79.561,533.858,15.519,4.556,0.495,0.523
3386270383.895,178.148,118.879,176.670,63.126,79.534,533.951,15.518,4.538,0.498,0.533
3386270384.931,178.158,118.935,176.649,63.148,79.489,534.031,15.516,4.455,0.499,0.608
3386270385.967,178.184,118.935,176.633,63.142,79.403,534.109,15.514,4.479,0.500,0.622
3386270387.005,178.173,118.890,176.641,63.115,79.281,534.098,15.516,4.507,0.501,0.500
3386270388.040,178.172,118.939,176.601,63.043,79.309,534.055,15.506,4.484,0.559,0.577
3386270389.076,178.164,118.906,176.599,63.057,79.351,533.987,15.512,4.477,0.525,0.618
3386270390.112,178.164,118.852,176.602,63.038,79.415,534.059,15.513,4.439,0.583,0.582
3386270391.147,178.169,118.943,176.602,63.064,79.605,533.946,15.522,4.581,0.547,0.520
3386270392.182,178.221,118.948,176.644,63.125,79.745,534.049,15.518,4.651,0.557,0.577
3386270393.217,178.263,118.933,176.622,63.110,79.852,534.087,15.525,4.592,0.554,0.639
3386270394.253,178.298,118.979,176.633,63.131,79.938,534.101,15.515,4.541,0.552,0.622
3386270395.289,178.366,118.962,176.645,63.136,80.019,534.075,15.518,4.570,0.553,0.485
3386270396.326,178.310,118.904,176.662,63.084,80.050,534.024,15.513,4.511,0.548,0.577
3386270397.361,178.322,118.925,176.623,63.111,80.156,534.016,15.523,4.579,0.541,0.637
3386270398.396,178.413,118.932,176.702,63.107,80.206,534.052,15.513,4.457,0.521,0.520
3386270399.432,178.456,118.969,176.653,63.097,80.159,534.065,15.520,4.453,0.521,0.539
3386270400.468,178.509,118.982,176.643,63.138,80.156,534.139,15.515,4.520,0.505,0.578
3386270401.503,178.505,118.941,176.664,63.104,80.089,534.098,15.514,4.472,0.503,0.000
3386270402.538,178.539,118.915,176.614,63.090,80.063,534.214,15.519,4.502,0.503,0.460
3386270403.573,178.547,118.956,176.668,63.122,79.970,534.172,15.521,4.519,0.499,0.613
3386270404.609,178.605,118.952,176.677,63.052,79.887,534.257,15.514,4.489,0.503,0.485
3386270405.646,178.623,118.993,176.705,63.099,79.910,534.234,15.517,4.490,0.500,0.527
3386270406.682,178.607,118.998,176.665,63.091,79.833,534.161,15.519,4.516,0.503,0.561
3386270407.718,178.582,119.016,176.693,63.083,79.707,534.172,15.509,4.529,0.513,0.554
3386270408.752,178.614,119.069,176.763,63.142,79.651,534.253,15.520,4.531,0.597,0.470
3386270409.784,178.624,119.057,176.715,63.122,79.629,534.184,15.515,4.556,0.619,0.572
3386270410.821,178.638,119.075,176.696,63.107,79.706,534.246,15.521,4.515,0.601,0.557
3386270411.857,178.655,119.103,176.778,63.136,79.939,534.210,15.505,4.569,0.561,0.464
3386270412.893,178.686,119.185,176.819,63.171,80.209,534.344,15.516,4.491,0.529,0.568
3386270413.928,178.699,119.209,176.795,63.165,80.357,534.276,15.517,4.487,0.495,0.636
3386270414.966,178.672,119.160,176.735,63.112,80.318,534.169,15.520,4.459,0.487,0.480
3386270416.001,178.678,119.191,176.758,63.091,80.225,534.280,15.514,4.573,0.500,0.537
3386270417.036,178.667,119.132,176.680,63.049,80.062,534.153,15.515,4.472,0.501,0.593
3386270418.072,178.708,119.172,176.713,63.057,79.937,534.266,15.513,4.428,0.502,0.580
3386270419.107,178.697,119.229,176.762,63.084,79.791,534.153,15.507,4.536,0.505,0.503
3386270420.143,178.683,119.212,176.702,63.085,79.713,534.219,15.515,4.541,0.505,0.561
3386270421.178,178.734,119.272,176.725,63.122,79.730,534.208,15.518,4.508,0.504,0.628
3386270422.213,178.739,119.275,176.792,63.086,79.838,534.194,15.518,4.459,0.506,0.509
3386270423.249,178.733,119.277,176.793,63.084,79.934,534.210,15.512,4.515,0.505,0.527
3386270424.285,178.757,119.278,176.768,63.047,79.860,534.199,15.518,4.576,0.504,0.609
3386270425.321,178.813,119.372,176.767,63.097,79.849,534.157,15.516,4.568,0.507,0.556
3386270426.355,178.816,119.376,176.807,63.111,79.841,534.283,15.514,4.568,0.509,0.520
3386270427.389,178.786,119.363,176.789,63.088,79.836,534.379,15.528,4.531,0.507,0.558
3386270428.425,178.840,119.423,176.847,63.129,79.827,534.346,15.522,4.509,0.508,0.637
3386270429.461,178.853,119.467,176.832,63.131,79.749,534.480,15.524,4.433,0.504,0.514
3386270430.497,178.896,119.550,176.921,63.157,79.725,534.502,15.521,4.525,0.504,0.550
3386270431.532,178.873,119.501,176.896,63.136,79.690,534.591,15.519,4.491,0.504,0.580
3386270432.569,178.782,119.514,176.873,63.097,79.800,534.524,15.513,4.531,0.505,0.636
3386270433.605,178.819,119.531,176.832,63.092,79.837,534.559,15.518,4.487,0.503,0.529
3386270434.640,178.840,119.523,176.863,63.101,79.803,534.638,15.523,4.504,0.523,0.541
3386270435.675,178.859,119.562,176.917,63.086,79.834,534.617,15.512,4.490,0.549,0.610
3386270436.710,178.833,119.533,176.858,63.060,79.800,534.512,15.518,4.465,0.527,0.633
3386270437.745,178.834,119.510,176.853,63.050,79.806,534.561,15.521,4.569,0.501,0.541
3386270438.780,178.905,119.585,176.858,63.084,79.844,534.611,15.522,4.583,0.503,0.557
3386270439.817,178.914,119.522,176.892,63.057,79.880,534.751,15.523,4.586,0.615,0.593
3386270440.851,178.958,119.551,176.880,63.079,79.873,534.825,15.525,4.609,0.559,0.640
3386270441.889,178.937,119.529,176.845,63.065,80.024,534.832,15.524,4.623,0.577,0.532
3386270442.924,178.940,119.569,176.836,63.072,80.192,534.805,15.523,4.543,0.574,0.573
3386270443.960,178.966,119.537,176.863,63.082,80.345,534.760,15.522,4.583,0.569,0.598
3386270444.995,178.992,119.548,176.789,63.037,80.434,534.787,15.527,4.551,0.577,0.653
3386270446.030,178.986,119.544,176.839,63.059,80.441,534.891,15.523,4.562,0.559,0.572
3386270447.066,178.984,119.551,176.814,63.031,80.509,534.985,15.529,4.558,0.517,0.534
3386270448.103,179.012,119.563,176.854,63.057,80.571,534.933,15.524,4.568,0.539,0.616
3386270449.137,179.008,119.522,176.813,63.024,80.511,534.971,15.526,4.580,0.519,0.651
3386270450.172,178.999,119.509,176.775,62.976,80.478,534.897,15.523,4.469,0.501,0.582
3386270451.207,179.014,119.526,176.786,63.006,80.486,535.017,15.507,4.507,0.511,0.539
3386270452.242,179.088,119.536,176.765,63.007,80.382,534.954,15.524,4.468,0.503,0.610
3386270453.278,179.114,119.563,176.803,63.006,80.232,535.066,15.523,4.530,0.503,0.639
3386270454.313,179.157,119.552,176.789,63.015,80.103,535.074,15.522,4.501,0.506,0.654
3386270455.349,179.061,119.512,176.724,62.991,80.058,535.089,15.524,4.574,0.504,0.541
3386270456.384,179.156,119.531,176.786,63.012,80.038,535.114,15.511,4.592,0.509,0.547
3386270457.419,179.118,119.535,176.777,63.002,79.959,535.107,15.521,4.536,0.504,0.609
3386270458.455,179.159,119.586,176.782,63.029,79.996,535.167,15.524,4.626,0.508,0.636
3386270459.488,179.177,119.528,176.769,63.010,80.033,535.168,15.518,4.588,0.507,0.516
3386270460.519,179.217,119.549,176.765,62.978,80.008,535.067,15.518,4.619,0.508,0.525
3386270461.557,179.257,119.629,176.751,63.033,80.020,535.206,15.512,4.516,0.506,0.618
3386270462.594,179.234,119.615,176.773,63.003,80.053,535.175,15.523,4.561,0.508,0.632
3386270463.630,179.280,119.677,176.746,63.064,80.020,535.105,15.526,4.518,0.508,0.481
3386270464.666,179.333,119.699,176.764,63.044,79.980,535.234,15.532,4.610,0.510,0.555
3386270465.701,179.329,119.743,176.776,63.051,80.038,535.246,15.530,4.574,0.508,0.626
3386270466.737,179.368,119.805,176.791,63.024,79.975,535.307,15.519,4.505,0.511,0.623
3386270467.773,179.317,119.815,176.753,63.035,79.965,535.272,15.527,4.502,0.511,0.525
3386270468.809,179.352,119.755,176.779,63.021,80.041,535.252,15.526,4.531,0.513,0.576
3386270469.845,179.379,119.758,176.767,63.006,79.970,535.317,15.526,4.527,0.508,0.621
3386270470.881,179.357,119.797,176.827,63.033,79.917,535.316,15.531,4.537,0.511,0.576
3386270471.917,179.367,119.720,176.756,62.992,79.897,535.451,15.528,4.591,0.504,0.493
3386270472.953,179.373,119.750,176.781,63.027,79.861,535.480,15.528,4.652,0.503,0.593
3386270473.989,179.393,119.809,176.768,63.011,79.861,535.611,15.533,4.604,0.503,0.640
3386270475.025,179.405,119.782,176.754,62.962,79.789,535.603,15.527,4.620,0.651,0.559
3386270476.061,179.438,119.803,176.782,62.977,79.719,535.634,15.533,4.681,0.617,0.556
3386270477.098,179.458,119.805,176.776,62.956,79.910,535.599,15.535,4.627,0.609,0.593
3386270478.132,179.472,119.877,176.827,63.006,80.161,535.713,15.524,4.633,0.681,0.628
3386270479.169,179.533,119.883,176.817,63.003,80.402,535.687,15.529,4.633,0.648,0.623
3386270480.205,179.587,119.904,176.849,62.974,80.570,535.722,15.531,4.648,0.643,0.513
3386270481.240,179.592,119.961,176.795,62.994,80.727,535.699,15.521,4.652,0.615,0.596
3386270482.275,179.623,119.957,176.786,62.947,80.837,535.693,15.529,4.658,0.585,0.623
3386270483.311,179.648,119.957,176.774,62.937,80.939,535.740,15.532,4.547,0.539,0.620
3386270484.346,179.692,119.951,176.750,62.941,81.000,535.778,15.523,4.587,0.535,0.544
3386270485.380,179.672,120.010,176.767,62.939,80.921,535.738,15.529,4.617,0.553,0.571
3386270486.415,179.767,120.045,176.799,62.972,80.825,535.687,15.536,4.617,0.509,0.628
3386270487.451,179.808,120.100,176.810,62.996,80.709,535.714,15.524,4.541,0.533,0.630
3386270488.489,179.827,120.104,176.850,63.040,80.531,535.835,15.533,4.541,0.513,0.394
3386270489.524,179.820,120.121,176.856,62.967,80.405,535.858,15.523,4.511,0.503,0.585
3386270490.561,179.843,120.109,176.924,62.988,80.241,535.907,15.517,4.594,0.509,0.638
3386270491.596,179.915,120.109,176.900,62.995,80.117,535.979,15.535,4.533,0.501,0.564
3386270492.631,179.973,120.154,176.926,63.048,80.032,535.925,15.534,4.577,0.503,0.523
3386270493.666,179.983,120.183,176.959,63.006,80.024,535.928,15.535,4.627,0.511,0.594
3386270494.701,180.029,120.166,176.942,63.056,79.957,535.886,15.540,4.543,0.510,0.633
3386270495.736,180.030,120.189,177.041,63.045,79.859,535.933,15.533,4.627,0.513,0.495
3386270496.772,180.051,120.190,176.964,63.027,79.745,535.911,15.543,4.648,0.511,0.549
3386270497.809,180.131,120.229,177.046,63.064,79.735,536.012,15.538,4.569,0.513,0.621
3386270498.846,180.044,120.146,176.982,62.994,79.718,535.968,15.525,4.523,0.511,0.628
3386270499.882,180.003,120.104,177.000,62.979,79.765,535.816,15.538,4.608,0.510,0.500
3386270500.917,180.045,120.119,177.012,62.969,79.790,535.953,15.535,4.580,0.509,0.555
3386270501.951,179.976,120.081,176.941,62.911,79.640,535.936,15.534,4.502,0.508,0.631
3386270502.985,180.078,120.110,177.010,62.950,79.762,535.893,15.534,4.588,0.501,0.620
3386270504.019,180.062,120.096,176.998,62.957,79.720,536.016,15.532,4.508,0.500,0.505
3386270505.054,180.104,120.047,177.075,62.942,79.657,535.997,15.534,4.537,0.499,0.611
3386270506.092,180.080,120.035,177.077,62.935,79.628,535.834,15.528,4.512,0.497,0.628
3386270507.129,180.111,120.014,176.993,62.938,79.573,535.898,15.528,4.462,0.499,0.647
3386270508.165,180.141,120.015,177.013,62.915,79.531,535.905,15.529,4.520,0.500,0.547
3386270509.201,180.097,119.974,176.978,62.838,79.379,535.897,15.532,4.580,0.504,0.561
3386270510.238,180.093,120.053,176.966,62.863,79.366,535.925,15.535,4.429,0.507,0.606
3386270511.273,180.080,120.030,177.017,62.867,79.340,535.997,15.530,4.529,0.508,0.650
3386270512.310,180.094,120.072,176.965,62.884,79.348,536.088,15.528,4.465,0.509,0.552
3386270513.345,180.090,120.074,176.987,62.860,79.394,536.094,15.531,4.440,0.507,0.484
3386270514.380,180.065,120.048,176.998,62.816,79.435,536.176,15.522,4.454,0.507,0.627
3386270515.416,180.142,120.064,177.027,62.848,79.384,536.094,15.534,4.426,0.505,0.639
3386270516.452,180.165,120.018,177.053,62.868,79.393,536.137,15.533,4.486,0.505,0.521
3386270517.487,180.202,120.079,177.010,62.922,79.451,536.191,15.530,4.501,0.502,0.573
3386270518.522,180.147,120.072,177.003,62.878,79.460,536.250,15.541,4.484,0.503,0.614
3386270519.557,180.192,120.084,177.029,62.875,79.452,536.188,15.527,4.551,0.502,0.643
3386270520.593,180.195,120.073,177.049,62.903,79.476,536.235,15.523,4.583,0.504,0.555
3386270521.628,180.198,120.115,177.095,62.922,79.562,536.168,15.521,4.620,0.504,0.557
3386270522.663,180.215,120.100,177.034,62.882,79.570,536.173,15.517,4.534,0.506,0.622
3386270523.699,180.198,120.051,176.982,62.854,79.517,536.215,15.523,4.507,0.505,0.655
3386270524.735,180.177,119.980,176.960,62.862,79.595,536.269,15.526,4.543,0.513,0.647
3386270525.770,180.176,119.903,176.927,62.827,79.586,536.169,15.524,4.634,0.571,0.574
3386270526.805,180.321,120.023,176.989,62.858,79.702,536.220,15.532,4.602,0.597,0.588
3386270527.841,180.350,119.945,177.015,62.852,79.789,536.178,15.528,4.598,0.583,0.651
3386270528.875,180.399,119.882,176.982,62.824,79.881,536.212,15.525,4.537,0.569,0.673
3386270529.912,180.414,119.862,176.953,62.779,80.038,536.124,15.526,4.530,0.565,0.654
3386270530.948,180.408,119.793,176.910,62.793,80.169,536.120,15.522,4.548,0.541,0.570
3386270531.984,180.398,119.765,176.894,62.791,80.282,536.216,15.522,4.483,0.509,0.621
3386270533.018,180.436,119.746,176.886,62.800,80.379,536.135,15.532,4.526,0.496,0.660
3386270534.052,180.407,119.786,176.830,62.809,80.276,536.100,15.527,4.568,0.492,0.708
3386270535.087,180.467,119.752,176.854,62.833,80.223,536.136,15.528,4.574,0.499,0.719
3386270536.122,180.495,119.769,176.827,62.788,80.134,536.166,15.531,4.609,0.501,0.611
3386270537.157,180.481,119.715,176.786,62.782,80.099,536.216,15.534,4.491,0.502,0.597
3386270538.192,180.502,119.718,176.750,62.786,80.107,536.291,15.539,4.550,0.505,0.630
3386270539.228,180.469,119.673,176.702,62.764,80.103,536.294,15.534,4.512,0.505,0.663
3386270540.263,180.546,119.734,176.684,62.814,80.124,536.341,15.532,4.507,0.507,0.711
3386270541.297,180.566,119.769,176.736,62.812,80.125,536.355,15.537,4.504,0.508,0.716
3386270542.331,180.531,119.759,176.678,62.793,80.061,536.318,15.536,4.591,0.510,0.643
3386270543.367,180.528,119.698,176.613,62.798,80.022,536.233,15.533,4.469,0.509,0.572
3386270544.403,180.560,119.760,176.638,62.821,80.016,536.380,15.540,4.526,0.503,0.617
3386270545.439,180.578,119.759,176.627,62.763,80.044,536.384,15.525,4.565,0.543,0.658
3386270546.474,180.578,119.751,176.549,62.769,80.045,536.254,15.532,4.504,0.503,0.684
3386270547.510,180.610,119.765,176.495,62.789,80.164,536.222,15.534,4.498,0.533,0.717
3386270548.546,180.663,119.803,176.500,62.797,80.315,536.210,15.523,4.511,0.524,0.642
3386270549.582,180.627,119.780,176.488,62.751,80.312,536.206,15.533,4.471,0.522,0.575
3386270550.617,180.624,119.796,176.427,62.744,80.323,536.101,15.527,4.468,0.511,0.549
3386270551.653,180.633,119.770,176.418,62.753,80.256,536.178,15.527,4.511,0.495,0.649
3386270552.688,180.591,119.831,176.467,62.729,80.200,536.095,15.537,4.461,0.515,0.712
3386270553.723,180.582,119.836,176.397,62.732,80.052,536.062,15.526,4.507,0.495,0.674
3386270554.759,180.602,119.937,176.397,62.748,80.141,535.970,15.531,4.531,0.501,0.586
3386270555.794,180.582,119.935,176.372,62.772,80.107,535.884,15.532,4.502,0.503,0.603
3386270556.829,180.572,119.967,176.357,62.732,80.069,535.840,15.533,4.447,0.502,0.626
3386270557.865,180.623,119.993,176.373,62.708,79.997,535.856,15.541,4.495,0.505,0.668
3386270558.899,180.593,120.068,176.407,62.735,79.949,535.788,15.533,4.502,0.503,0.688
3386270559.931,180.626,120.136,176.436,62.780,79.914,535.799,15.538,4.552,0.505,0.633
3386270560.961,180.655,120.142,176.422,62.764,79.943,535.804,15.532,4.468,0.505,0.570
3386270561.994,180.675,120.180,176.327,62.695,79.959,535.773,15.532,4.466,0.505,0.617
3386270563.031,180.708,120.194,176.349,62.716,79.938,535.750,15.537,4.475,0.505,0.636
3386270564.067,180.802,120.294,176.364,62.760,79.899,535.739,15.529,4.471,0.505,0.674
3386270565.103,180.817,120.335,176.350,62.756,79.909,535.852,15.538,4.486,0.505,0.658
3386270566.138,180.852,120.330,176.380,62.724,79.841,535.853,15.536,4.533,0.504,0.560
3386270567.173,180.853,120.402,176.362,62.664,79.725,535.717,15.536,4.522,0.502,0.613
3386270568.208,180.863,120.456,176.345,62.659,79.687,535.670,15.537,4.465,0.502,0.614
3386270569.243,180.936,120.491,176.432,62.710,79.712,535.757,15.528,4.502,0.501,0.671
3386270570.277,180.900,120.543,176.382,62.693,79.712,535.734,15.534,4.461,0.503,0.630
3386270571.312,180.882,120.523,176.341,62.632,79.663,535.693,15.535,4.530,0.502,0.563
3386270572.347,180.965,120.583,176.397,62.680,79.705,535.702,15.536,4.490,0.503,0.614
3386270573.383,180.937,120.619,176.388,62.693,79.721,535.751,15.537,4.529,0.539,0.618
3386270574.418,180.984,120.615,176.466,62.657,79.686,535.771,15.532,4.548,0.477,0.662
3386270575.453,180.968,120.650,176.450,62.630,79.665,535.768,15.536,4.595,0.523,0.622
3386270576.489,180.947,120.695,176.453,62.663,79.569,535.821,15.535,4.547,0.499,0.557
3386270577.523,180.935,120.630,176.407,62.598,79.509,535.741,15.533,4.513,0.499,0.577
3386270578.559,180.911,120.718,176.449,62.629,79.581,535.717,15.535,4.538,0.522,0.636
3386270579.594,180.984,120.718,176.431,62.628,79.611,535.680,15.525,4.572,0.517,0.654
3386270580.629,180.974,120.746,176.467,62.655,79.692,535.696,15.538,4.541,0.531,0.571
3386270581.665,180.994,120.770,176.532,62.664,79.767,535.723,15.537,4.523,0.526,0.560
3386270582.700,181.045,120.840,176.518,62.653,79.731,535.651,15.534,4.495,0.523,0.609
3386270583.734,181.102,120.859,176.509,62.670,79.689,535.610,15.540,4.501,0.507,0.654
3386270584.768,181.149,120.796,176.487,62.619,79.670,535.588,15.532,4.523,0.509,0.642
3386270585.802,181.203,120.874,176.519,62.645,79.763,535.526,15.535,4.619,0.499,0.555
3386270586.838,181.225,120.842,176.498,62.647,79.672,535.502,15.535,4.415,0.501,0.623
3386270587.874,181.286,120.802,176.491,62.630,79.732,535.528,15.533,4.555,0.504,0.633
3386270588.908,181.369,120.848,176.525,62.649,79.704,535.432,15.541,4.480,0.505,0.656
3386270589.943,181.370,120.812,176.527,62.620,79.639,535.417,15.537,4.576,0.507,0.574
3386270590.979,181.385,120.746,176.499,62.594,79.616,535.394,15.538,4.555,0.727,0.550
3386270592.014,181.467,120.769,176.529,62.645,79.656,535.424,15.540,4.490,0.711,0.619
3386270593.050,181.479,120.771,176.516,62.617,79.761,535.440,15.539,4.437,0.609,0.635
3386270594.085,181.519,120.722,176.547,62.620,79.970,535.467,15.546,4.522,0.641,0.669
3386270595.119,181.508,120.694,176.511,62.622,80.287,535.433,15.539,4.516,0.569,0.567
3386270596.154,181.533,120.682,176.445,62.649,80.597,535.460,15.540,4.533,0.519,0.563
3386270597.190,181.544,120.675,176.472,62.636,80.703,535.399,15.545,4.525,0.527,0.611
3386270598.226,181.544,120.686,176.507,62.645,80.642,535.382,15.538,4.666,0.517,0.652
3386270599.262,181.576,120.653,176.444,62.605,80.476,535.344,15.539,4.570,0.499,0.620
3386270600.298,181.596,120.611,176.466,62.631,80.291,535.403,15.544,4.633,0.507,0.564
3386270601.335,181.607,120.591,176.511,62.615,80.172,535.300,15.539,4.588,0.508,0.578
3386270602.371,181.608,120.557,176.467,62.599,80.070,535.260,15.548,4.538,0.505,0.628
3386270603.407,181.611,120.531,176.477,62.594,80.044,535.267,15.542,4.538,0.510,0.664
3386270604.443,181.618,120.471,176.452,62.557,79.970,535.212,15.541,4.513,0.510,0.587
3386270605.479,181.612,120.410,176.432,62.532,79.925,535.002,15.546,4.527,0.510,0.530
3386270606.515,181.669,120.375,176.464,62.506,79.863,534.966,15.539,4.540,0.505,0.590
3386270607.549,181.718,120.397,176.470,62.524,79.863,535.058,15.543,4.505,0.501,0.638
3386270608.585,181.741,120.381,176.492,62.559,79.809,534.931,15.543,4.538,0.507,0.664
3386270609.621,181.737,120.351,176.465,62.543,79.714,534.936,15.541,4.561,0.505,0.532
3386270610.658,181.741,120.335,176.464,62.511,79.687,534.981,15.545,4.516,0.504,0.577
3386270611.693,181.794,120.322,176.511,62.591,79.697,535.021,15.538,4.580,0.504,0.621
3386270612.726,181.752,120.319,176.501,62.505,79.677,535.087,15.547,4.523,0.502,0.663
3386270613.760,181.788,120.359,176.506,62.588,79.707,535.099,15.543,4.573,0.502,0.624
3386270614.794,181.831,120.381,176.474,62.592,79.744,535.138,15.541,4.605,0.504,0.552
3386270615.827,181.812,120.349,176.463,62.588,79.729,535.116,15.548,4.541,0.506,0.607
3386270616.864,181.468,120.215,176.143,62.698,79.872,535.112,15.515,4.586,0.506,0.626
3386270617.898,181.940,120.408,176.560,62.648,79.853,535.201,15.544,4.572,0.508,0.664
3386270618.931,181.927,120.432,176.565,62.649,79.874,535.219,15.544,4.526,0.510,0.557
3386270619.968,181.918,120.418,176.535,62.569,79.779,535.164,15.536,4.468,0.511,0.554
3386270621.002,181.951,120.414,176.496,62.567,79.698,535.171,15.544,4.500,0.512,0.625
3386270622.037,182.006,120.405,176.494,62.579,79.717,535.242,15.544,4.465,0.511,0.648
3386270623.071,181.984,120.364,176.515,62.525,79.705,535.110,15.540,4.444,0.508,0.622
3386270624.107,181.989,120.447,176.476,62.524,79.644,535.131,15.546,4.448,0.506,0.538
3386270625.143,182.013,120.428,176.480,62.554,79.680,535.133,15.537,4.518,0.502,0.620
3386270626.177,182.084,120.526,176.456,62.579,79.714,535.045,15.539,4.473,0.501,0.638
3386270627.213,182.028,120.494,176.450,62.516,79.635,534.970,15.538,4.447,0.498,0.679
3386270628.248,182.023,120.496,176.465,62.454,79.654,534.939,15.540,4.437,0.497,0.000
3386270629.283,182.064,120.565,176.444,62.526,79.636,535.057,15.545,4.516,0.496,0.628
3386270630.319,182.052,120.558,176.391,62.498,79.612,535.111,15.540,4.432,0.495,0.669
3386270631.354,182.063,120.509,176.425,62.513,79.482,534.997,15.543,4.379,0.495,0.628
3386270632.389,182.111,120.597,176.448,62.506,79.573,535.089,15.545,4.455,0.496,0.566
3386270633.424,182.108,120.594,176.489,62.517,79.634,535.069,15.537,4.468,0.498,0.612
3386270634.460,182.089,120.570,176.472,62.525,79.586,534.983,15.548,4.454,0.499,0.659
3386270635.494,182.102,120.644,176.515,62.555,79.610,535.020,15.541,4.483,0.501,0.680
3386270636.529,182.128,120.637,176.495,62.576,79.596,534.926,15.543,4.446,0.501,0.651
3386270637.564,182.147,120.667,176.534,62.553,79.709,534.954,15.545,4.472,0.505,0.559
3386270638.600,182.117,120.691,176.504,62.578,79.735,534.971,15.541,4.479,0.507,0.594
3386270639.634,182.138,120.650,176.546,62.617,79.701,534.888,15.545,4.455,0.508,0.635
3386270640.670,182.172,120.741,176.503,62.609,79.715,534.949,15.546,4.523,0.539,0.687
3386270641.705,182.193,120.702,176.542,62.581,79.694,534.916,15.542,4.432,0.521,0.639
3386270642.740,182.203,120.681,176.480,62.555,79.738,534.943,15.548,4.482,0.549,0.564
3386270643.775,182.178,120.672,176.502,62.580,79.836,534.863,15.549,4.466,0.523,0.588
3386270644.810,182.231,120.681,176.487,62.549,79.886,534.916,15.543,4.489,0.517,0.642
3386270645.845,182.170,120.655,176.448,62.528,79.947,534.838,15.551,4.394,0.507,0.679
3386270646.881,182.175,120.630,176.427,62.505,79.932,534.829,15.541,4.389,0.501,0.654
3386270647.917,182.212,120.646,176.480,62.579,79.969,534.883,15.541,4.450,0.493,0.565
3386270648.954,182.199,120.664,176.411,62.558,79.996,534.836,15.539,4.426,0.498,0.589
3386270649.989,182.239,120.662,176.461,62.572,79.994,534.880,15.539,4.432,0.497,0.629
3386270651.025,182.246,120.681,176.502,62.619,79.981,534.894,15.547,4.502,0.499,0.668
3386270652.062,182.242,120.654,176.438,62.605,79.814,534.859,15.546,4.489,0.500,0.674
3386270653.098,182.251,120.594,176.400,62.546,79.771,534.814,15.538,4.351,0.502,0.641
3386270654.132,182.214,120.624,176.390,62.590,79.692,534.843,15.542,4.375,0.502,0.592
3386270655.168,182.246,120.572,176.377,62.565,79.679,534.785,15.538,4.458,0.504,0.636
3386270656.203,182.271,120.552,176.369,62.564,79.738,534.844,15.542,4.436,0.504,0.649
3386270657.238,182.276,120.561,176.313,62.583,79.728,534.861,15.545,4.432,0.504,0.671
3386270658.274,182.293,120.549,176.317,62.584,79.709,534.837,15.537,4.435,0.504,0.682
3386270659.309,182.314,120.537,176.314,62.554,79.738,535.000,15.539,4.367,0.503,0.622
3386270660.344,182.363,120.562,176.347,62.568,79.760,535.004,15.538,4.328,0.504,0.612
3386270661.380,182.358,120.562,176.326,62.551,79.758,535.010,15.534,4.412,0.504,0.622
3386270662.414,182.399,120.574,176.302,62.568,79.798,535.056,15.543,4.396,0.503,0.666
3386270663.448,182.437,120.610,176.347,62.610,79.910,535.029,15.535,4.429,0.507,0.685
3386270664.483,182.519,120.657,176.363,62.640,79.954,535.026,15.536,4.437,0.505,0.675
3386270665.517,182.555,120.659,176.380,62.638,80.059,535.046,15.543,4.450,0.507,0.576
3386270666.552,182.530,120.720,176.371,62.671,80.121,535.009,15.537,4.479,0.506,0.602
3386270667.587,182.638,120.721,176.325,62.651,80.178,534.987,15.540,4.473,0.508,0.632
3386270668.622,182.611,120.683,176.331,62.626,80.105,534.984,15.539,4.458,0.508,0.663
3386270669.657,182.639,120.692,176.307,62.667,80.117,535.015,15.536,4.426,0.508,0.688
3386270670.691,182.600,120.720,176.263,62.624,80.032,534.992,15.543,4.472,0.508,0.632
3386270671.726,182.586,120.687,176.284,62.562,80.032,534.955,15.539,4.403,0.507,0.569
3386270672.762,182.566,120.666,176.256,62.551,79.984,535.013,15.537,4.411,0.506,0.632
3386270673.798,182.569,120.661,176.211,62.562,79.930,534.947,15.541,4.473,0.504,0.645
3386270674.835,182.620,120.710,176.195,62.552,79.995,534.980,15.539,4.440,0.502,0.691
3386270675.871,182.635,120.725,176.191,62.577,79.933,534.956,15.542,4.497,0.501,0.712
3386270676.908,182.584,120.714,176.190,62.547,79.909,534.918,15.541,4.390,0.501,0.628
3386270677.944,182.661,120.746,176.218,62.538,79.917,534.961,15.537,4.433,0.503,0.590
3386270678.978,182.657,120.769,176.219,62.567,79.817,534.980,15.540,4.422,0.502,0.620
3386270680.011,182.734,120.795,176.294,62.601,79.873,534.978,15.539,4.437,0.505,0.641
3386270681.043,182.742,120.752,176.222,62.543,79.806,534.944,15.539,4.408,0.506,0.684
3386270682.078,182.726,120.835,176.216,62.546,79.805,534.946,15.546,4.425,0.506,0.664
3386270683.113,182.765,120.825,176.242,62.557,79.817,534.916,15.537,4.483,0.506,0.590
3386270684.150,182.784,120.867,176.272,62.586,79.827,535.042,15.544,4.422,0.506,0.580
3386270685.186,182.744,120.847,176.238,62.563,79.787,535.003,15.544,4.403,0.504,0.635
3386270686.222,182.753,120.891,176.196,62.581,79.804,535.072,15.536,4.455,0.503,0.664
3386270687.261,182.767,120.872,176.239,62.588,79.863,535.047,15.546,4.465,0.504,0.713
3386270688.296,182.726,120.856,176.203,62.515,79.836,535.025,15.539,4.356,0.503,0.659
3386270689.331,182.796,120.904,176.207,62.543,79.841,535.143,15.541,4.415,0.502,0.566
3386270690.366,182.781,120.911,176.212,62.540,79.821,535.062,15.544,4.372,0.502,0.590
3386270691.402,182.835,120.944,176.189,62.561,79.896,535.065,15.535,4.459,0.501,0.628
3386270692.438,182.912,120.970,176.242,62.622,79.903,535.144,15.537,4.480,0.503,0.673
3386270693.473,182.935,121.005,176.253,62.639,79.902,535.110,15.542,4.439,0.500,0.669
3386270694.509,182.937,120.987,176.228,62.604,79.869,535.112,15.529,4.515,0.502,0.581
3386270695.545,182.926,121.003,176.262,62.580,79.901,535.140,15.539,4.466,0.504,0.579
3386270696.581,182.975,120.995,176.226,62.625,79.996,535.081,15.541,4.454,0.503,0.628
3386270697.616,182.974,120.955,176.221,62.601,79.962,535.062,15.538,4.462,0.504,0.680
3386270698.654,182.933,120.951,176.184,62.571,79.830,535.046,15.543,4.490,0.504,0.691
3386270699.687,182.958,120.950,176.156,62.546,79.783,534.943,15.532,4.447,0.505,0.655
3386270700.723,183.056,121.017,176.239,62.591,79.836,534.984,15.541,4.422,0.504,0.582
3386270701.757,183.085,121.054,176.297,62.640,79.841,534.956,15.538,4.519,0.505,0.610
3386270702.793,183.134,120.960,176.240,62.598,79.838,534.933,15.538,4.414,0.505,0.649
3386270703.829,183.226,121.019,176.251,62.611,79.825,534.997,15.544,4.436,0.505,0.669
3386270704.864,183.267,121.041,176.273,62.623,79.805,535.013,15.540,4.500,0.506,0.676
3386270705.898,183.276,120.996,176.208,62.602,79.741,534.965,15.536,4.398,0.507,0.624
3386270706.934,183.284,121.038,176.230,62.611,79.761,534.899,15.537,4.387,0.506,0.561
3386270707.970,183.287,120.969,176.246,62.567,79.749,534.894,15.529,4.394,0.507,0.000
3386270709.007,183.278,120.974,176.266,62.600,79.740,534.841,15.535,4.433,0.507,0.000
3386270710.037,183.217,120.911,176.210,62.509,79.743,534.931,15.537,4.405,0.507,0.000
3386270711.069,183.240,120.948,176.238,62.560,79.752,534.857,15.533,4.419,0.506,0.000
3386270712.106,183.266,120.967,176.246,62.600,79.761,534.845,15.542,4.454,0.506,0.000
3386270713.142,183.222,120.942,176.205,62.564,79.704,534.778,15.539,4.393,0.504,0.000
3386270714.175,183.204,120.913,176.228,62.542,79.637,534.876,15.541,4.390,0.504,0.000
3386270715.210,183.241,120.957,176.348,62.624,79.531,534.885,15.546,4.519,0.503,0.000
3386270716.245,183.191,120.916,176.342,62.548,79.469,534.968,15.535,4.447,0.504,0.000
3386270717.281,183.187,120.932,176.367,62.567,79.486,534.986,15.542,4.513,0.502,0.000
3386270718.317,183.177,120.906,176.421,62.559,79.462,534.994,15.549,4.525,0.500,0.000
3386270719.352,183.190,120.904,176.441,62.575,79.488,534.954,15.536,4.471,0.502,0.000
3386270720.387,183.214,120.890,176.430,62.567,79.573,535.017,15.545,4.491,0.502,0.675
3386270721.423,183.235,120.959,176.471,62.652,79.660,535.062,15.540,4.439,0.505,0.653
3386270722.461,183.165,120.877,176.455,62.564,79.534,535.001,15.539,4.461,0.503,0.546
3386270723.499,183.128,120.861,176.441,62.545,79.445,534.986,15.540,4.380,0.506,0.573
3386270724.533,183.160,120.874,176.477,62.555,79.433,535.003,15.537,4.479,0.506,0.625
3386270725.569,183.191,120.825,176.533,62.556,79.465,534.971,15.544,4.441,0.505,0.661
3386270726.602,183.211,120.872,176.535,62.604,79.442,534.996,15.543,4.407,0.503,0.583
3386270727.637,183.214,120.846,176.615,62.641,79.474,534.991,15.540,4.408,0.503,0.561
3386270728.673,183.199,120.811,176.515,62.566,79.502,534.891,15.541,4.369,0.503,0.606
3386270729.710,183.163,120.794,176.504,62.519,79.444,534.887,15.538,4.453,0.502,0.646
3386270730.746,183.194,120.786,176.511,62.497,79.377,534.906,15.541,4.364,0.501,0.655
3386270731.782,183.232,120.773,176.506,62.540,79.399,534.926,15.542,4.362,0.503,0.574
3386270732.817,183.214,120.786,176.529,62.543,79.372,534.935,15.538,4.435,0.501,0.592
3386270733.853,183.244,120.750,176.517,62.550,79.289,534.943,15.543,4.368,0.502,0.592
3386270734.890,183.233,120.753,176.551,62.563,79.337,534.909,15.535,4.386,0.503,0.659
3386270735.925,183.309,120.780,176.579,62.547,79.480,534.944,15.541,4.461,0.503,0.671
3386270736.961,183.314,120.809,176.554,62.602,79.571,534.969,15.543,4.419,0.503,0.564
3386270737.997,183.319,120.778,176.555,62.573,79.656,534.981,15.532,4.440,0.502,0.557
3386270739.034,183.376,120.838,176.618,62.611,79.791,535.015,15.541,4.500,0.501,0.618
3386270740.070,183.362,120.765,176.596,62.640,79.740,535.053,15.540,4.436,0.501,0.670
3386270741.106,183.339,120.743,176.523,62.558,79.694,534.993,15.536,4.368,0.501,0.678
3386270742.141,183.354,120.669,176.519,62.528,79.685,534.936,15.543,4.403,0.500,0.608
3386270743.176,183.395,120.683,176.586,62.565,79.694,534.985,15.537,4.429,0.499,0.574
3386270744.212,183.448,120.640,176.548,62.570,79.691,534.953,15.539,4.443,0.498,0.637
3386270745.247,183.436,120.632,176.512,62.563,79.648,534.862,15.546,4.423,0.499,0.649
3386270746.283,183.432,120.620,176.550,62.528,79.645,534.861,15.542,4.458,0.499,0.688
3386270747.319,183.430,120.548,176.530,62.527,79.652,534.748,15.545,4.398,0.502,0.640
3386270748.355,183.456,120.512,176.513,62.536,79.708,534.823,15.548,4.495,0.501,0.569
3386270749.392,183.414,120.459,176.479,62.524,79.723,534.772,15.537,4.360,0.505,0.621
3386270750.428,183.451,120.429,176.469,62.512,79.724,534.763,15.545,4.423,0.506,0.652
3386270751.463,183.479,120.424,176.506,62.535,79.807,534.748,15.541,4.414,0.507,0.680
3386270752.496,183.485,120.372,176.508,62.538,79.790,534.752,15.538,4.428,0.508,0.671
3386270753.532,183.496,120.333,176.516,62.509,79.763,534.831,15.540,4.428,0.511,0.575
3386270754.567,183.514,120.307,176.484,62.511,79.742,534.821,15.539,4.415,0.508,0.587
3386270755.602,183.471,120.293,176.457,62.497,79.801,534.748,15.539,4.423,0.508,0.657
3386270756.638,183.536,120.282,176.544,62.574,79.891,534.854,15.542,4.451,0.507,0.667
3386270757.672,183.540,120.295,176.524,62.610,79.944,534.748,15.540,4.354,0.507,0.689
3386270758.706,183.540,120.218,176.475,62.539,79.896,534.747,15.545,4.325,0.504,0.717
3386270759.743,183.524,120.189,176.458,62.547,79.898,534.642,15.544,4.346,0.505,0.609
3386270760.777,183.540,120.262,176.448,62.586,79.915,534.693,15.542,4.457,0.501,0.579
3386270761.813,183.551,120.226,176.382,62.543,79.833,534.607,15.550,4.375,0.500,0.636
3386270762.846,183.504,120.227,176.390,62.527,79.760,534.621,15.542,4.459,0.499,0.666
3386270763.879,183.490,120.162,176.368,62.469,79.842,534.529,15.542,4.383,0.499,0.692
3386270764.913,183.434,120.152,176.379,62.496,79.911,534.587,15.546,4.356,0.499,0.679
3386270765.947,183.435,120.142,176.411,62.512,79.850,534.685,15.538,4.308,0.499,0.598
3386270766.983,183.529,120.289,176.381,62.557,79.842,534.747,15.546,4.405,0.501,0.607
3386270768.019,183.503,120.295,176.397,62.556,79.881,534.752,15.543,4.479,0.500,0.655
3386270769.056,183.591,120.324,176.426,62.611,80.034,534.830,15.536,4.422,0.502,0.672
3386270770.091,183.635,120.388,176.443,62.621,80.083,534.794,15.545,4.451,0.501,0.713
3386270771.127,183.579,120.364,176.438,62.589,79.966,534.771,15.541,4.432,0.502,0.727
3386270772.160,183.595,120.394,176.441,62.581,79.888,534.735,15.533,4.405,0.502,0.650
3386270773.195,183.575,120.466,176.398,62.573,79.865,534.747,15.542,4.432,0.501,0.611
3386270774.230,183.554,120.433,176.384,62.503,79.831,534.665,15.535,4.349,0.501,0.630
3386270775.266,183.553,120.453,176.368,62.522,79.890,534.629,15.532,4.356,0.501,0.662
3386270776.299,183.635,120.511,176.429,62.553,79.916,534.648,15.541,4.351,0.501,0.669
3386270777.333,183.664,120.571,176.401,62.561,79.884,534.653,15.532,4.440,0.501,0.683
3386270778.368,183.597,120.505,176.358,62.552,79.815,534.594,15.536,4.455,0.511,0.669
3386270779.404,183.557,120.532,176.218,62.502,79.851,534.501,15.542,4.429,0.551,0.626
3386270780.440,183.573,120.594,176.334,62.549,79.951,534.556,15.538,4.418,0.547,0.593
3386270781.474,183.622,120.641,176.331,62.552,79.961,534.524,15.543,4.426,0.519,0.638
3386270782.509,183.612,120.648,176.371,62.569,80.000,534.562,15.547,4.525,0.507,0.670
3386270783.543,183.647,120.667,176.355,62.567,80.115,534.607,15.546,4.428,0.497,0.713
3386270784.578,183.707,120.656,176.310,62.565,80.106,534.537,15.550,4.489,0.501,0.716
3386270785.613,183.741,120.663,176.284,62.541,80.034,534.591,15.544,4.428,0.506,0.640
3386270786.649,183.782,120.697,176.316,62.559,80.010,534.668,15.544,4.426,0.506,0.597
3386270787.684,183.827,120.686,176.277,62.505,79.985,534.619,15.545,4.433,0.509,0.619
3386270788.722,183.860,120.713,176.305,62.595,80.019,534.739,15.541,4.519,0.523,0.664
3386270789.757,183.900,120.768,176.356,62.578,80.178,534.763,15.547,4.453,0.565,0.694
3386270790.792,183.941,120.790,176.334,62.580,80.243,534.786,15.537,4.497,0.567,0.720
3386270791.828,184.035,120.831,176.380,62.607,80.231,534.841,15.541,4.500,0.554,0.645
3386270792.864,184.079,120.830,176.374,62.662,80.273,534.828,15.540,4.464,0.551,0.588
3386270793.900,184.028,120.817,176.341,62.629,80.319,534.772,15.534,4.479,0.545,0.628
3386270794.936,183.981,120.783,176.254,62.525,80.295,534.611,15.540,4.519,0.543,0.652
3386270795.971,183.997,120.790,176.266,62.578,80.334,534.547,15.536,4.436,0.542,0.680
3386270797.009,183.984,120.794,176.292,62.531,80.359,534.550,15.529,4.489,0.533,0.684
3386270798.045,184.013,120.843,176.355,62.581,80.449,534.640,15.539,4.453,0.511,0.667
3386270799.082,184.050,120.876,176.362,62.611,80.474,534.623,15.538,4.487,0.501,0.619
3386270800.117,184.009,120.849,176.312,62.580,80.387,534.703,15.536,4.446,0.502,0.554
3386270801.153,183.999,120.862,176.293,62.559,80.377,534.632,15.543,4.451,0.506,0.616
3386270802.189,184.031,120.886,176.313,62.578,80.374,534.594,15.534,4.401,0.509,0.674
3386270803.224,184.038,120.933,176.322,62.572,80.275,534.564,15.543,4.392,0.510,0.672
3386270804.259,184.040,120.869,176.257,62.588,80.228,534.504,15.540,4.455,0.511,0.588
3386270805.294,184.081,120.932,176.235,62.583,80.124,534.537,15.544,4.407,0.513,0.575
3386270806.330,184.067,120.955,176.231,62.604,79.998,534.548,15.541,4.412,0.513,0.631
3386270807.365,184.081,120.986,176.249,62.571,79.942,534.573,15.538,4.396,0.510,0.666
3386270808.400,184.030,120.940,176.233,62.566,79.881,534.642,15.544,4.483,0.506,0.713
3386270809.436,184.058,120.948,176.246,62.530,79.876,534.568,15.542,4.432,0.502,0.640
3386270810.472,184.031,120.959,176.274,62.516,79.863,534.496,15.537,4.356,0.504,0.584
3386270811.506,183.984,120.924,176.233,62.490,79.834,534.512,15.539,4.418,0.500,0.620
3386270812.542,184.014,120.928,176.204,62.477,79.818,534.475,15.531,4.346,0.505,0.658
3386270813.578,184.025,120.953,176.213,62.503,79.854,534.541,15.539,4.385,0.502,0.680
3386270814.614,184.071,120.954,176.259,62.505,79.901,534.581,15.537,4.397,0.507,0.722
3386270815.650,184.062,121.034,176.292,62.493,79.973,534.674,15.533,4.335,0.571,0.659
3386270816.685,184.145,121.085,176.279,62.601,80.064,534.604,15.543,4.433,0.671,0.584
3386270817.720,184.134,121.048,176.260,62.570,80.085,534.710,15.542,4.522,0.581,0.633
3386270818.755,184.130,121.062,176.283,62.581,80.205,534.638,15.536,4.443,0.671,0.650
3386270819.789,184.124,121.020,176.234,62.517,80.460,534.449,15.548,4.494,0.639,0.663
3386270820.825,184.099,121.020,176.212,62.514,80.675,534.414,15.534,4.411,0.621,0.688
3386270821.859,184.125,121.080,176.263,62.536,80.923,534.483,15.539,4.389,0.609,0.645
3386270822.894,184.118,121.096,176.242,62.565,81.107,534.537,15.541,4.465,0.583,0.587
3386270823.929,184.130,121.052,176.235,62.533,81.108,534.518,15.534,4.457,0.579,0.621
3386270824.966,184.117,121.041,176.238,62.524,81.099,534.565,15.544,4.454,0.543,0.670
3386270826.001,184.083,121.039,176.233,62.494,81.087,534.477,15.540,4.349,0.503,0.693
3386270827.036,184.055,120.957,176.187,62.441,80.905,534.408,15.542,4.263,0.513,0.726
3386270828.072,184.079,121.010,176.189,62.451,80.774,534.464,15.547,4.364,0.517,0.714
3386270829.108,184.138,121.019,176.188,62.491,80.597,534.457,15.543,4.364,0.487,0.657
3386270830.144,184.138,121.035,176.216,62.450,80.437,534.463,15.546,4.387,0.497,0.614
3386270831.180,184.139,121.025,176.244,62.474,80.334,534.395,15.542,4.411,0.500,0.640
3386270832.215,184.147,121.015,176.188,62.487,80.255,534.388,15.542,4.351,0.496,0.656
3386270833.250,184.217,120.977,176.186,62.463,80.159,534.443,15.545,4.331,0.502,0.674
3386270834.286,184.228,121.032,176.248,62.530,80.148,534.396,15.540,4.349,0.506,0.709
3386270835.322,184.322,121.054,176.272,62.545,80.115,534.475,15.546,4.430,0.503,0.719
3386270836.357,184.290,121.034,176.178,62.530,80.107,534.376,15.541,4.347,0.512,0.665
3386270837.393,184.345,121.070,176.264,62.573,80.185,534.522,15.531,4.375,0.501,0.615
3386270838.427,184.254,121.000,176.201,62.534,80.095,534.472,15.544,4.382,0.505,0.633
3386270839.463,184.259,121.056,176.199,62.512,80.093,534.493,15.539,4.404,0.497,0.662
3386270840.497,184.225,121.039,176.149,62.520,80.024,534.448,15.534,4.422,0.501,0.678
3386270841.531,184.255,121.032,176.168,62.520,80.051,534.561,15.543,4.405,0.499,0.713
3386270842.567,184.203,121.038,176.127,62.506,79.999,534.515,15.536,4.304,0.504,0.726
3386270843.604,184.218,121.060,176.156,62.523,79.961,534.483,15.540,4.418,0.501,0.682
3386270844.641,184.196,121.002,176.129,62.456,79.845,534.510,15.545,4.419,0.503,0.597
3386270845.676,184.171,120.993,176.118,62.430,79.807,534.471,15.537,4.328,0.502,0.627
3386270846.712,184.201,121.019,176.106,62.443,79.822,534.529,15.545,4.378,0.498,0.649
3386270847.746,184.170,121.049,176.104,62.469,79.830,534.474,15.549,4.340,0.498,0.678
3386270848.782,184.154,121.030,176.099,62.481,79.805,534.566,15.546,4.415,0.496,0.687
3386270849.817,184.161,121.071,176.144,62.484,79.870,534.616,15.555,4.407,0.499,0.718
3386270850.852,184.144,121.082,176.114,62.455,79.885,534.512,15.551,4.412,0.505,0.669
3386270851.887,184.115,121.135,176.090,62.451,79.914,534.495,15.549,4.435,0.505,0.631
3386270852.924,184.117,121.136,176.119,62.427,79.849,534.548,15.557,4.392,0.509,0.622
3386270853.959,184.119,121.130,176.117,62.446,79.929,534.535,15.553,4.396,0.505,0.636
3386270854.995,184.116,121.136,176.083,62.409,79.983,534.614,15.554,4.367,0.502,0.675
3386270856.031,184.153,121.168,176.146,62.470,80.022,534.645,15.556,4.376,0.504,0.695
3386270857.067,184.166,121.165,176.174,62.472,79.990,534.614,15.551,4.376,0.497,0.720
3386270858.103,184.122,121.189,176.088,62.427,79.880,534.648,15.553,4.371,0.502,0.653
3386270859.139,184.145,121.178,176.078,62.412,79.842,534.689,15.552,4.421,0.497,0.622
3386270860.174,184.139,121.187,176.109,62.421,79.809,534.647,15.547,4.340,0.500,0.611
3386270861.210,184.186,121.187,176.105,62.461,79.827,534.680,15.554,4.393,0.500,0.651
3386270862.247,184.174,121.233,176.163,62.449,79.873,534.739,15.549,4.418,0.500,0.679
3386270863.282,184.232,121.254,176.110,62.472,79.873,534.731,15.549,4.428,0.502,0.712
3386270864.316,184.219,121.239,176.115,62.479,79.834,534.708,15.552,4.397,0.500,0.734
3386270865.350,184.255,121.246,176.153,62.484,79.889,534.764,15.541,4.408,0.501,0.675
3386270866.382,184.227,121.215,176.081,62.423,79.932,534.711,15.544,4.423,0.502,0.611
3386270867.417,184.259,121.273,176.072,62.449,79.905,534.614,15.547,4.464,0.499,0.603
3386270868.453,184.346,121.333,176.060,62.419,79.920,534.701,15.541,4.382,0.502,0.649
3386270869.488,184.321,121.296,176.087,62.457,79.891,534.618,15.551,4.404,0.500,0.673
3386270870.523,184.387,121.315,176.103,62.491,79.914,534.714,15.546,4.350,0.501,0.691
3386270871.558,184.357,121.301,176.049,62.456,79.861,534.627,15.542,4.361,0.501,0.716
3386270872.594,184.370,121.294,176.128,62.469,79.946,534.683,15.545,4.336,0.500,0.664
3386270873.630,184.389,121.236,176.108,62.471,79.862,534.649,15.541,4.292,0.500,0.646
3386270874.665,184.428,121.276,176.099,62.467,79.828,534.640,15.542,4.362,0.500,0.594
3386270875.699,184.459,121.286,176.089,62.492,79.816,534.660,15.549,4.295,0.499,0.663
3386270876.735,184.452,121.255,176.121,62.465,79.854,534.698,15.545,4.408,0.500,0.676
3386270877.770,184.482,121.314,176.143,62.489,79.858,534.794,15.551,4.418,0.498,0.696
3386270878.806,184.449,121.281,176.141,62.448,79.856,534.718,15.556,4.378,0.500,0.734
3386270879.844,184.456,121.283,176.172,62.485,79.889,534.701,15.547,4.304,0.500,0.720
3386270880.880,184.455,121.275,176.138,62.507,79.875,534.675,15.552,4.392,0.501,0.633
3386270881.915,184.436,121.271,176.136,62.478,79.782,534.787,15.549,4.430,0.501,0.599
3386270882.951,184.429,121.278,176.142,62.509,79.761,534.720,15.544,4.437,0.501,0.658
3386270883.987,184.429,121.224,176.090,62.493,79.785,534.671,15.553,4.315,0.500,0.658
3386270885.022,184.409,121.175,176.044,62.460,79.766,534.646,15.543,4.351,0.501,0.679
3386270886.057,184.379,121.183,176.030,62.402,79.821,534.658,15.548,4.354,0.500,0.717
3386270887.093,184.436,121.216,176.115,62.456,79.911,534.738,15.550,4.307,0.503,0.742
3386270888.129,184.485,121.202,176.135,62.479,79.999,534.797,15.540,4.339,0.499,0.645
3386270889.165,184.496,121.244,176.094,62.497,79.959,534.795,15.552,4.398,0.499,0.587
3386270890.202,184.530,121.256,176.140,62.506,79.894,534.804,15.549,4.374,0.498,0.640
3386270891.238,184.583,121.300,176.109,62.497,79.929,534.781,15.553,4.404,0.498,0.660
3386270892.275,184.516,121.239,176.080,62.471,79.870,534.726,15.564,4.414,0.500,0.693
3386270893.311,184.560,121.243,176.086,62.432,79.903,534.636,15.546,4.403,0.500,0.710
3386270894.347,184.550,121.206,176.095,62.416,79.794,534.573,15.550,4.387,0.502,0.734
3386270895.383,184.570,121.256,176.061,62.428,79.787,534.681,15.551,4.385,0.501,0.728
3386270896.419,184.655,121.274,176.105,62.449,79.745,534.619,15.542,4.437,0.500,0.628
3386270897.465,184.698,121.267,176.106,62.480,79.753,534.708,15.547,4.404,0.499,0.586
3386270898.497,184.730,121.283,176.097,62.460,79.883,534.675,15.550,4.356,0.502,0.643
3386270899.529,184.752,121.283,176.112,62.444,79.948,534.640,15.547,4.461,0.502,0.691
3386270900.561,184.780,121.321,176.068,62.491,79.863,534.664,15.551,4.365,0.501,0.725
3386270901.598,184.734,121.293,176.106,62.438,79.855,534.629,15.545,4.369,0.502,0.642
3386270902.635,184.731,121.304,176.115,62.401,79.830,534.655,15.550,4.422,0.500,0.593
3386270903.672,184.746,121.299,176.042,62.408,79.855,534.677,15.548,4.433,0.503,0.640
3386270904.703,184.774,121.278,175.983,62.398,79.955,534.588,15.547,4.419,0.500,0.670
3386270905.735,184.782,121.279,175.990,62.412,79.852,534.514,15.554,4.339,0.503,0.704
3386270906.771,184.822,121.315,176.008,62.409,79.889,534.559,15.546,4.403,0.501,0.721
3386270907.808,184.799,121.257,176.038,62.379,79.816,534.488,15.550,4.315,0.502,0.716
3386270908.844,184.814,121.231,175.995,62.322,79.853,534.450,15.555,4.343,0.501,0.615
