Time Stamp (s),10,9,8,7,6,5,4,3,2,1,Thermocouples
3380916845,74.401,73.233,76.732,72.064,74.401,74.984,89.439,120.432,173.253,211.422,
3380916847,75.858,74.109,74.984,74.984,72.649,77.895,90.299,119.601,176.922,210.915,
3380916849,75.276,74.984,74.109,74.984,72.941,77.313,91.158,119.601,177.445,212.689,
3380916851,76.441,74.109,76.441,73.817,72.356,78.766,90.585,122.646,178.229,211.422,
3380916853,73.233,73.817,76.732,72.941,75.567,77.313,92.016,124.302,178.491,215.218,
3380916855,76.732,74.109,76.732,75.276,72.356,77.895,92.016,124.578,180.578,213.448,
3380916857,72.941,74.401,76.732,72.649,76.15,77.313,94.3,124.854,179.535,216.481,
3380916859,74.109,76.15,74.984,74.109,74.984,78.766,95.44,124.854,182.402,214.46,
3380916861,76.15,73.817,76.15,74.401,73.525,80.216,94.87,127.057,182.922,213.701,
3380916863,73.817,76.441,76.441,74.693,75.276,77.023,98.566,126.231,183.442,216.481,
3380916865,75.276,73.525,77.604,72.941,75.858,79.636,95.724,129.529,183.442,216.986,
3380916867,76.441,74.109,77.604,74.984,74.401,80.506,96.862,128.98,185.001,215.724,
3380916869,73.525,77.023,75.276,74.693,75.567,79.056,99.701,129.529,186.039,217.238,
3380916871,74.109,75.858,76.15,74.693,75.567,80.216,99.701,130.352,186.039,217.994,
3380916873,77.023,73.525,78.476,74.401,75.276,81.664,98.283,132.542,185.78,217.238,
3380916875,75.858,76.15,75.858,75.858,74.693,81.374,101.4,131.174,188.112,217.49,
3380916877,76.441,75.567,75.276,75.858,76.441,81.953,100.551,131.721,189.664,218.75,
3380916879,74.401,75.858,77.604,73.233,77.023,81.085,102.53,134.454,187.076,220.009,
3380916881,76.15,76.732,75.567,75.858,75.276,83.109,101.682,133.362,189.147,219.758,
3380916883,74.109,76.15,76.441,74.109,78.476,82.242,103.942,136.363,189.664,222.021,
3380916885,77.023,73.525,78.766,74.693,75.567,84.84,102.248,136.907,190.44,220.261,
3380916887,77.023,77.604,76.15,75.858,75.858,83.686,104.787,135.273,191.73,220.009,
3380916889,77.604,73.817,77.604,74.693,77.313,85.416,103.095,138.539,190.698,220.261,
3380916891,76.732,75.858,76.15,77.023,76.732,84.84,105.069,137.452,193.277,219.506,
3380916893,75.567,77.313,77.023,75.567,77.023,82.531,107.039,139.354,191.988,219.758,
3380916895,76.441,74.984,77.023,76.732,75.567,85.992,104.787,139.626,193.277,217.742,
3380916897,74.693,77.023,77.023,75.858,77.895,83.398,109.004,139.626,192.762,219.758,
3380916899,77.895,74.693,77.895,74.984,77.023,87.717,105.632,142.878,192.246,219.254,
3380916901,74.984,78.476,77.023,76.15,77.895,84.552,109.004,140.982,193.793,220.261,
3380916903,74.693,76.15,79.346,75.276,78.476,85.992,108.443,143.148,191.988,223.778,
3380916905,75.567,74.984,79.346,74.109,78.476,86.855,108.162,144.77,193.535,222.774,
3380916907,76.15,77.023,75.858,76.732,78.185,86.568,110.406,142.607,195.851,222.523,
3380916909,78.766,75.276,78.476,77.023,77.313,88.579,110.126,145.04,195.851,222.021,
3380916911,77.313,75.567,77.895,75.276,78.185,89.439,110.406,145.849,195.594,222.774,
3380916913,75.858,77.023,77.895,73.817,80.506,87.717,112.364,145.31,195.594,224.781,
3380916915,75.276,76.732,78.185,75.276,81.085,87.717,113.202,145.849,195.851,225.783,
3380916917,78.185,75.858,76.15,76.732,78.766,88.866,112.364,146.389,198.931,223.778,
3380916919,75.276,76.732,79.056,74.693,81.085,89.726,113.76,146.658,195.851,226.534,
3380916921,78.185,77.313,77.313,77.313,79.346,90.299,114.318,146.119,198.931,224.781,
3380916923,78.766,76.441,79.056,77.604,79.346,92.302,113.481,149.887,197.905,224.028,
3380916925,78.476,75.567,80.216,76.15,80.216,91.73,115.154,149.081,198.418,224.279,
3380916927,78.185,74.693,79.636,75.858,80.216,93.159,114.039,150.961,198.931,225.031,
3380916929,78.476,75.858,78.766,76.15,80.795,92.302,115.433,150.961,199.444,225.282,
3380916931,77.313,77.895,76.441,76.732,81.664,91.158,117.38,149.081,200.98,225.532,
3380916933,75.567,77.895,78.185,75.567,82.531,90.585,117.102,151.498,199.7,227.284,
3380916935,75.276,79.346,76.15,78.185,80.795,91.73,118.769,150.693,201.492,227.034,
3380916937,77.895,74.693,80.216,75.276,81.953,94.3,115.989,153.105,199.188,227.284,
3380916939,76.15,76.732,81.085,74.984,82.82,92.588,118.213,152.838,200.468,228.034,
3380916941,75.858,78.185,79.636,77.023,83.686,93.159,119.323,152.302,201.747,228.034,
3380916943,76.15,78.476,78.185,77.895,82.82,92.873,120.986,152.57,202.259,229.033,
3380916945,79.056,76.15,79.926,76.441,83.686,95.155,118.491,155.245,202.514,229.033,
3380916947,79.346,78.185,80.216,77.023,83.398,97.999,120.986,156.046,202.77,228.534,
3380916949,78.766,79.346,80.506,79.056,86.855,97.147,123.198,156.847,203.28,230.531,
3380916951,79.926,80.795,83.686,79.056,87.43,98.283,124.578,159.511,205.066,232.275,
3380916953,81.374,81.664,86.28,81.374,89.726,100.834,127.057,162.433,207.358,235.012,
3380916955,86.568,86.568,88.292,85.416,94.585,104.224,130.9,163.759,209.9,236.502,
3380916957,93.729,92.016,96.294,92.873,99.417,112.364,135.545,171.151,216.733,242.938,
3380916959,107.039,105.351,109.285,105.069,113.481,124.302,147.736,184.482,227.784,253.998,
3380916961,128.98,126.507,131.447,129.529,134.454,148.274,171.414,204.556,249.094,272.222,
3380916963,158.713,156.847,155.779,159.777,161.637,176.399,200.98,230.531,279.441,296.376,
3380916965,194.05,194.308,201.492,191.988,207.358,213.448,236.75,271.498,307.239,337.74,
3380917020,74.693,74.984,77.604,73.233,89.726,101.965,130.9,164.289,205.321,231.279,
3380917022,74.693,74.401,75.567,77.604,85.128,103.942,130.9,163.229,209.392,228.284,
3380917024,73.525,75.567,75.858,74.984,87.43,101.965,132.542,163.759,207.867,229.782,
3380917026,74.109,74.693,74.693,75.858,86.568,102.813,131.721,163.229,208.63,228.284,
3380917028,73.525,76.441,74.984,76.732,87.43,102.813,133.089,164.289,208.121,230.281,
3380917030,75.858,74.109,76.441,77.604,85.992,104.787,131.721,164.024,209.392,228.034,
3380917032,73.233,74.984,76.732,75.276,88.579,103.377,134.454,164.554,208.63,229.782,
3380917034,75.276,75.858,74.984,76.732,89.153,105.351,134.727,165.083,209.392,229.033,
3380917036,75.276,72.649,77.604,76.15,88.292,105.914,131.174,167.726,207.613,230.531,
3380917038,75.858,75.858,75.567,76.15,88.005,105.632,135,165.083,209.138,229.033,
3380917040,74.693,75.858,75.567,76.732,88.579,104.506,134.727,165.876,209.9,230.281,
3380917042,75.858,73.525,76.732,77.895,87.717,106.476,132.815,165.612,209.646,229.533,
3380917044,75.567,72.649,78.766,74.984,89.726,106.195,132.815,168.517,208.121,229.533,
3380917046,73.525,73.817,79.346,75.276,91.158,105.914,134.454,169.044,207.613,230.281,
3380917048,73.817,75.276,76.441,76.441,89.726,105.914,136.09,167.198,207.613,230.531,
3380917050,77.023,72.649,78.185,76.732,90.872,107.601,133.635,169.835,208.884,229.033,
3380917052,77.313,74.984,76.441,77.313,88.579,109.004,135.545,168.253,209.9,227.284,
3380917054,74.984,74.693,75.858,78.476,89.153,108.724,135.545,167.198,210.661,228.534,
3380917056,74.984,74.984,78.766,76.15,90.585,107.32,134.454,169.835,207.358,230.281,
3380917058,76.441,74.109,78.185,77.604,90.013,109.285,135.545,169.571,208.884,228.034,
3380917060,75.858,76.732,75.858,79.056,91.158,108.724,137.18,167.726,210.661,228.034,
3380917062,77.023,74.984,77.313,79.346,90.013,109.565,136.635,168.781,210.407,227.284,
3380917064,75.276,73.233,79.346,76.441,92.302,110.126,135.545,170.625,208.121,228.784,
3380917066,74.109,77.023,76.15,77.604,92.588,107.882,138.539,168.781,209.392,230.032,
3380917068,74.693,74.693,79.346,77.023,93.444,109.285,136.907,171.151,208.376,229.033,
3380917070,75.276,75.858,77.604,76.441,95.155,108.443,139.083,169.835,208.121,230.032,
3380917072,75.858,77.604,75.858,78.476,92.016,110.966,139.626,168.781,211.168,228.534,
3380917074,77.604,74.109,79.346,78.476,92.588,111.805,137.724,171.414,209.646,228.284,
3380917076,77.313,74.984,77.895,79.636,92.016,112.364,137.996,171.151,210.661,227.534,
3380917078,75.858,76.441,76.732,77.604,92.873,109.565,140.711,169.308,210.661,228.034,
3380917080,76.441,75.858,75.858,79.636,92.302,111.525,138.811,170.098,211.675,228.034,
3380917082,75.276,77.604,77.313,78.185,92.588,110.406,141.524,169.308,210.661,229.033,
3380917084,74.401,77.313,77.313,80.795,92.588,110.686,141.524,170.098,210.154,229.033,
3380917086,76.441,73.817,75.858,79.926,93.159,112.643,140.169,170.361,212.435,228.284,
3380917088,74.401,76.15,77.604,79.926,94.87,111.245,141.795,171.151,210.407,229.533,
3380917090,75.567,77.604,77.604,79.636,95.155,110.686,141.795,171.151,210.661,229.533,
3380917092,75.276,77.604,77.023,79.636,95.155,112.364,141.795,171.151,210.661,230.531,
3380917094,76.441,74.984,80.216,78.476,95.724,113.481,140.44,173.778,209.646,229.533,
3380917096,75.567,75.567,79.926,79.346,96.578,113.481,139.897,173.778,209.9,230.032,
3380917098,76.441,76.441,79.636,78.766,96.578,114.039,141.795,174.04,208.63,230.281,
3380917100,74.984,76.441,78.476,78.476,97.431,113.202,141.524,172.728,208.376,231.528,
3380917102,78.185,75.858,77.895,81.374,94.87,115.154,141.253,172.203,212.182,228.534,
3380917104,75.858,78.185,77.604,79.926,96.009,114.039,142.607,172.203,212.182,229.533,
3380917106,77.313,77.604,76.732,81.085,96.294,114.875,144.23,171.94,212.689,230.032,
3380917108,75.567,77.604,78.476,80.795,97.431,113.481,143.689,173.253,211.422,230.78,
3380917110,75.567,77.313,77.895,79.056,99.134,114.039,143.689,172.991,210.407,231.777,
3380917112,77.023,75.567,79.926,79.636,97.147,115.154,142.066,175.089,210.407,231.279,
3380917114,76.441,76.441,80.795,78.766,98.283,115.154,143.148,174.827,210.407,231.279,
3380917116,78.185,76.15,78.185,81.085,96.294,116.268,143.419,172.991,213.448,228.784,
3380917118,77.313,75.858,80.795,79.636,98.283,116.268,143.419,175.089,211.675,231.528,
3380917120,78.476,75.858,79.926,81.374,96.009,117.38,142.607,174.303,211.929,229.283,
3380917122,76.441,77.313,79.346,79.926,99.984,116.546,145.04,174.827,211.422,231.528,
3380917124,77.895,76.15,79.926,80.795,98.566,118.491,143.148,175.351,211.422,230.531,
3380917126,76.15,77.895,79.636,80.506,100.551,117.102,145.58,177.184,211.675,232.026,
3380917128,75.858,78.476,79.056,81.664,101.4,116.268,145.04,175.613,212.942,232.275,
3380917130,78.476,77.023,78.766,82.82,98.566,118.213,144.77,174.827,214.966,230.78,
3380917132,78.476,79.636,79.346,83.975,100.267,118.769,146.119,175.351,215.471,231.777,
3380917134,80.506,76.732,80.795,82.242,100.551,120.432,145.31,178.229,213.954,233.022,
3380917136,81.374,77.895,83.398,84.263,101.682,121.263,146.658,178.491,214.713,233.769,
3380917138,82.82,82.82,82.82,87.43,103.095,123.75,150.693,179.274,217.238,234.017,
3380917140,83.975,85.128,85.128,89.153,107.601,124.302,154.443,181.881,219.506,238.733,
3380917142,90.299,92.588,91.444,97.715,112.923,131.447,159.511,186.298,226.033,243.184,
3380917144,99.984,98.566,104.224,103.095,122.369,140.169,166.933,197.649,231.03,251.058,
3380917146,125.129,125.129,127.332,127.882,147.197,162.964,192.504,218.75,254.243,275.355,
3380917232,77.023,72.941,78.185,82.242,102.813,124.302,148.274,179.796,214.46,231.279,
3380917234,73.525,75.858,75.858,83.109,102.813,121.816,151.498,177.445,214.966,231.528,
3380917236,72.356,74.693,76.441,81.953,105.632,122.093,150.961,179.274,213.195,232.773,
3380917238,73.525,76.441,75.858,82.82,103.942,121.816,152.034,178.491,215.218,231.279,
3380917240,74.693,76.15,75.858,84.263,104.224,123.75,151.229,178.491,215.724,231.528,
3380917242,74.693,73.817,79.926,82.242,103.942,124.578,149.35,181.621,213.195,232.275,
3380917244,73.525,75.567,78.766,82.242,105.914,123.75,151.229,179.796,213.701,232.275,
3380917246,77.313,74.401,77.313,83.398,102.813,125.956,150.693,180.578,215.218,230.281,
3380917248,74.693,77.313,76.15,84.552,104.224,124.026,151.498,178.229,215.724,231.03,
3380917250,73.817,74.693,79.056,82.82,106.195,124.302,150.693,180.578,213.195,232.524,
3380917252,75.858,75.858,76.441,84.84,103.942,124.854,152.838,178.229,215.976,231.279,
3380917254,75.276,76.15,75.276,85.416,105.351,124.302,153.373,178.752,215.724,231.528,
3380917256,74.401,75.276,79.056,83.109,107.32,124.854,151.498,182.141,212.942,232.773,
3380917258,74.109,76.732,77.604,84.84,105.351,124.854,154.176,179.796,215.976,231.528,
3380917260,74.693,75.858,78.185,83.109,107.32,124.026,152.034,181.621,213.954,233.271,
3380917262,75.858,75.858,78.185,86.28,104.787,125.956,152.302,180.578,215.724,230.032,
3380917264,74.401,76.732,77.313,85.416,107.039,123.75,153.105,181.621,215.218,233.271,
3380917266,75.567,76.441,76.732,85.704,105.914,126.782,153.105,179.274,216.229,231.528,
3380917268,74.401,76.732,77.313,83.975,109.565,124.578,154.176,181.881,214.46,232.773,
3380917270,77.023,75.276,78.766,85.416,106.758,127.882,151.766,181.621,214.713,231.528,
3380917272,77.023,72.941,79.346,85.416,107.32,127.607,151.766,182.922,214.966,231.528,
3380917274,77.313,74.984,79.926,86.28,106.195,127.882,153.105,181.36,216.481,231.279,
3380917276,74.693,77.604,78.185,85.992,107.882,125.681,154.443,181.1,216.481,232.773,
3380917278,75.858,75.858,80.216,84.84,109.004,127.332,152.57,182.402,214.207,234.017,
3380917280,75.858,78.476,78.476,86.855,108.162,126.782,154.978,180.839,216.733,232.275,
3380917282,77.604,75.858,78.766,87.717,106.476,129.255,152.838,182.662,216.481,231.528,
3380917284,76.15,75.858,79.926,88.005,106.195,128.431,154.176,181.621,217.742,231.777,
3380917286,74.693,75.858,81.374,84.263,108.724,127.332,153.373,183.182,214.713,233.022,
3380917288,76.15,76.441,78.766,87.717,107.32,128.706,153.908,182.662,218.246,231.777,
3380917290,76.441,76.441,79.056,88.005,108.162,128.431,154.176,182.402,217.742,232.026,
3380917292,76.15,75.567,79.636,85.992,109.565,129.529,153.373,183.962,215.724,232.275,
3380917294,76.441,78.185,78.185,88.579,108.443,127.607,155.512,181.36,217.742,232.524,
3380917296,75.276,76.732,79.926,85.128,110.966,127.882,155.512,181.621,214.713,233.52,
3380917298,77.023,77.023,77.313,87.717,107.882,129.255,154.978,182.141,217.742,231.528,
3380917300,74.984,77.604,79.926,86.28,111.245,128.431,156.313,182.662,215.218,233.022,
3380917302,77.313,75.858,79.346,88.005,107.601,130.078,154.978,182.402,218.498,231.279,
3380917304,76.732,77.895,78.185,88.866,109.565,129.803,156.313,181.621,217.238,232.275,
3380917306,76.732,77.313,78.476,89.153,109.845,130.078,154.443,182.662,217.742,232.026,
3380917308,78.185,75.858,80.506,86.855,110.406,130.9,154.176,184.741,215.976,232.524,
3380917310,75.276,79.636,79.636,87.717,110.686,129.255,156.046,183.182,216.986,233.769,
3380917312,77.023,76.15,81.085,87.717,110.126,131.447,154.978,184.741,217.238,233.769,
3380917314,77.023,75.276,80.795,87.143,111.245,130.078,154.711,184.741,216.481,234.763,
3380917316,78.476,77.023,79.926,88.579,109.845,132.268,156.046,183.962,218.498,232.524,
3380917318,77.023,78.185,79.056,89.153,109.285,130.9,157.38,181.881,217.994,232.773,
3380917320,77.313,77.313,78.766,90.299,110.686,131.447,156.58,182.922,218.498,233.52,
3380917322,76.15,78.766,79.056,88.579,112.084,129.803,156.847,183.702,217.49,232.773,
3380917324,76.441,76.15,81.664,87.717,112.084,130.9,155.512,185.261,216.986,234.266,
3380917326,77.023,75.567,81.953,87.717,112.084,131.447,155.779,185.52,216.986,235.509,
3380917328,75.858,77.313,81.085,87.717,113.76,130.352,157.38,183.962,216.986,235.012,
3380917330,78.766,75.276,81.085,89.439,112.643,132.815,156.046,184.741,216.986,234.266,
3380917332,75.858,78.185,79.346,88.579,111.525,130.352,158.18,184.482,218.246,235.26,
3380917334,76.15,77.895,79.636,90.299,111.245,131.721,157.114,183.962,218.498,234.017,
3380917336,79.056,75.858,80.795,89.726,112.643,133.089,157.114,185.001,217.742,234.515,
3380917338,78.476,76.15,81.374,90.299,111.245,132.542,156.58,185.261,218.498,233.022,
3380917340,77.895,77.313,79.636,90.585,111.245,131.995,157.38,184.741,219.758,233.769,
3380917342,75.567,76.15,81.953,86.568,112.084,130.352,156.58,186.039,217.49,234.763,
3380917344,76.441,78.766,78.476,88.579,111.525,131.174,157.38,182.922,218.498,233.52,
3380917346,75.858,78.185,78.766,88.005,112.084,131.447,158.713,182.922,217.742,233.271,
3380917348,77.895,75.567,80.216,88.579,112.084,132.815,156.313,185.001,217.238,233.52,
3380917350,77.604,76.15,80.506,89.153,111.805,131.995,157.647,184.222,219.506,233.271,
3380917352,75.858,77.023,79.636,87.717,114.875,131.721,157.38,185.001,216.481,235.012,
3380917354,76.15,77.313,81.374,88.866,114.875,130.9,158.18,185.261,216.733,235.509,
3380917356,75.858,75.858,82.242,89.439,112.923,132.268,156.313,187.076,218.246,235.012,
3380917358,77.023,76.441,81.953,89.153,114.318,133.089,156.58,187.076,217.742,234.763,
3380917360,77.895,76.732,80.216,91.73,112.364,133.089,158.18,185.261,220.512,232.773,
3380917362,78.476,77.895,81.374,91.158,112.084,133.362,158.446,185.52,219.758,233.271,
3380917364,76.15,78.185,81.953,89.726,115.711,131.995,158.979,186.298,217.994,236.254,
3380917366,78.185,79.056,79.926,91.73,114.597,134.181,160.84,185.52,220.512,235.012,
3380917368,78.185,80.506,82.242,91.444,116.546,133.908,160.84,187.853,219.758,238.238,
3380917370,81.953,81.374,85.416,94.87,116.268,137.18,161.903,189.406,222.021,236.998,
3380917372,85.992,84.552,87.717,97.999,120.432,141.524,165.612,192.762,225.532,239.476,
3380917374,89.726,94.015,94.87,104.224,131.174,145.31,172.203,198.931,230.78,248.603,
3380917376,104.506,107.32,111.525,117.658,144.23,160.575,186.039,212.435,242.444,260.832,
3380917378,150.424,150.693,156.046,162.699,187.853,202.259,227.534,253.508,282.318,301.818,
3380917380,445.044,452.605,445.694,460.995,475.752,488.071,515.002,525.846,560.115,571.97,
3380917382,478.945,471.699,477.242,484.68,500.318,521.474,528.757,554.781,585.186,590.049,
3380917384,462.283,459.492,472.126,464.641,495.048,508.302,519.388,553.343,565.845,584.781,
3380917386,433.101,437.453,443.962,441.144,469.777,475.752,498.001,521.474,545.315,566.663,
3380917388,431.576,440.927,435.496,443.095,470.204,471.059,500.738,520.014,545.933,562.368,
3380917390,427.429,430.485,437.018,434.843,465.284,473.193,493.57,522.516,541.6,560.934,
3380917392,432.665,424.804,435.713,443.095,455.836,480.008,492.725,519.388,546.964,554.781,
3380917394,416.69,419.106,422.834,426.117,453.683,459.492,482.983,507.253,526.678,551.287,
3380917396,355.843,347.619,362.664,360.166,379.816,398.573,412.068,445.694,465.284,478.094,
3380917398,78.185,80.795,82.82,91.73,117.658,135.273,161.903,187.853,219.002,237.742,
3380917400,78.766,77.313,83.686,91.73,115.989,136.363,159.511,188.63,219.002,234.763,
3380917402,151.229,154.176,152.302,165.876,186.298,204.556,229.782,251.058,286.144,296.139,
3380917404,353.335,358.347,354.247,371.488,383.853,402.566,421.3,436.583,473.193,479.158,
3380917406,439.191,437.67,447.64,444.828,474.686,482.133,497.579,529.588,543.665,566.663,
3380917408,454.114,461.639,451.743,469.777,487.012,497.579,527.926,536.016,569.726,581.94,
3380917410,437.236,434.625,440.927,441.361,471.059,481.071,498.211,526.678,539.947,559.295,
3380917412,433.972,424.367,431.576,439.625,453.467,475.752,488.495,511.445,541.807,547.994,
3380917475,77.023,76.15,79.926,92.588,114.875,136.635,160.043,186.817,218.498,232.524,
3380917477,77.895,74.984,81.085,91.73,116.268,137.452,159.777,187.853,218.246,232.275,
3380917479,75.276,76.732,81.085,90.299,117.38,135.545,160.043,187.853,216.986,234.266,
3380917481,74.693,76.441,82.242,90.585,118.213,135,160.84,187.853,216.733,234.266,
3380917483,75.567,74.401,82.82,92.302,117.658,137.452,159.245,188.112,216.481,234.515,
3380917485,77.023,77.313,80.506,94.015,115.154,136.635,161.372,186.039,220.009,231.528,
3380917487,75.276,78.766,79.346,92.873,116.824,135.273,161.903,185.52,219.002,234.017,
3380917489,74.693,79.056,80.795,92.588,118.491,134.727,162.699,187.076,219.002,234.017,
3380917491,77.023,77.023,80.795,93.729,117.102,136.907,160.043,187.853,219.758,232.275,
3380917493,76.15,76.732,79.346,94.3,116.546,137.996,161.903,186.298,219.758,232.524,
3380917495,77.023,75.276,80.795,92.016,117.38,137.18,160.309,187.853,217.49,233.271,
3380917497,77.023,75.276,82.82,92.588,116.824,137.724,160.043,187.853,218.498,232.275,
3380917499,74.984,78.476,79.926,93.444,117.658,136.363,162.964,187.853,219.758,235.012,
3380917501,77.023,76.441,81.085,94.585,116.546,138.268,161.372,187.594,219.758,232.773,
3380917503,78.185,77.313,82.242,94.585,116.546,137.452,161.106,188.371,219.758,232.275,
3380917505,75.276,78.766,80.795,93.729,118.213,136.363,162.964,186.817,219.254,233.52,
3380917507,77.313,75.567,82.82,92.588,117.38,139.354,159.777,188.888,217.742,233.769,
3380917509,76.15,75.276,84.263,93.444,119.323,138.268,159.511,189.406,218.75,235.012,
3380917511,75.276,76.15,83.686,92.302,118.213,137.996,161.637,189.664,218.498,235.509,
3380917513,77.604,76.441,82.82,94.015,117.936,138.539,160.84,187.594,220.261,233.52,
3380917515,75.858,75.567,82.82,92.588,119.323,137.18,161.372,190.44,217.994,235.26,
3380917517,77.604,76.441,82.531,93.444,118.213,139.083,161.106,189.147,218.75,234.266,
3380917519,75.567,78.185,82.531,92.873,120.709,137.18,163.229,187.594,218.246,235.26,
3380917521,75.567,77.895,83.686,92.588,120.155,137.452,161.372,189.147,217.994,235.509,
3380917523,76.15,76.15,84.263,92.873,120.155,137.452,161.372,190.44,218.246,234.763,
3380917525,76.15,77.604,83.109,92.873,120.432,137.996,162.699,190.698,218.246,235.26,
3380917527,78.185,76.441,83.398,94.87,118.491,139.083,162.699,188.112,220.764,234.266,
3380917529,78.185,76.441,83.975,93.729,119.878,139.354,161.372,189.406,219.002,235.26,
3380917531,74.693,79.346,81.664,94.87,120.709,137.452,165.083,188.371,219.758,235.26,
3380917533,76.15,80.506,81.664,95.44,119.046,137.452,164.818,188.888,221.015,234.515,
3380917535,76.732,79.926,81.664,94.585,120.986,136.635,164.289,188.112,220.009,235.26,
3380917537,76.441,77.313,83.686,93.444,120.986,138.539,163.494,190.698,219.002,236.005,
3380917539,76.441,77.313,83.398,92.588,121.263,138.811,162.964,190.956,219.002,236.005,
3380917541,79.346,77.023,84.263,94.015,120.432,140.169,161.903,190.44,219.254,235.509,
3380917543,77.313,79.926,82.531,97.147,119.323,138.811,164.289,189.406,221.267,235.26,
3380917545,75.858,79.346,82.242,94.3,121.263,139.354,164.554,189.664,220.009,236.254,
3380917547,77.604,76.732,85.704,94.87,120.709,140.169,163.759,190.956,219.758,236.005,
3380917549,76.732,79.636,82.82,94.87,121.816,138.268,164.289,190.181,219.506,236.998,
3380917551,78.476,78.185,82.82,97.147,119.601,140.44,163.229,189.664,222.021,234.017,
3380917553,77.604,79.926,81.664,96.862,119.878,141.253,164.554,188.112,222.021,234.515,
3380917555,77.604,80.506,81.664,97.715,120.155,139.626,165.347,188.63,221.769,235.509,
3380917557,77.313,79.346,83.398,94.87,121.816,139.897,164.818,190.44,219.758,236.005,
3380917559,78.476,79.926,83.109,97.147,120.709,140.982,165.876,188.112,222.272,235.757,
3380917561,77.023,80.216,83.109,97.147,121.263,139.897,166.141,189.664,221.769,235.757,
3380917563,77.313,79.636,84.84,95.724,121.263,140.169,165.347,192.246,220.764,236.254,
3380917565,77.313,77.313,85.992,95.724,121.816,140.982,163.759,191.988,220.512,236.75,
3380917567,79.636,78.766,83.975,96.009,120.986,142.337,163.229,191.472,221.518,235.757,
3380917569,78.476,81.664,82.531,97.147,120.986,139.897,167.198,189.923,222.774,235.757,
3380917571,78.476,78.185,85.128,96.009,122.093,142.066,164.024,191.988,220.512,237.246,
3380917573,79.346,77.895,85.416,96.862,122.646,141.524,164.289,191.988,221.267,236.998,
3380917575,77.313,81.664,83.686,97.147,124.026,139.897,166.933,190.956,221.015,237.494,
3380917577,77.895,81.085,83.686,96.578,122.369,140.169,166.405,189.923,221.518,235.757,
3380917579,78.185,81.664,84.552,95.44,124.026,140.982,165.876,191.988,220.261,237.494,
3380917581,78.185,78.476,86.568,96.294,123.75,142.066,164.818,193.277,221.267,235.757,
3380917583,77.313,81.953,85.128,98.283,123.75,140.44,167.462,190.698,222.021,237.99,
3380917585,78.476,79.636,86.855,96.578,123.75,142.066,165.612,192.762,221.518,238.238,
3380917587,79.346,81.953,85.992,97.715,126.231,142.066,167.726,192.762,222.272,238.733,
3380917589,82.242,81.664,88.005,100.267,125.129,145.04,167.462,194.565,223.276,239.229,
3380917591,83.686,82.82,91.158,101.4,127.057,146.928,168.253,196.108,225.282,239.971,
3380917593,85.704,85.992,90.872,104.506,127.607,149.081,170.888,197.135,228.034,239.476,
3380917595,85.704,88.579,92.016,106.476,131.447,149.081,174.04,198.162,229.533,243.184,
3380917597,92.016,92.302,98.85,111.245,133.908,155.245,177.184,203.025,234.017,245.65,
3380917599,104.224,103.377,107.601,121.816,144.77,164.289,186.817,212.435,242.444,255.954,
3380917601,124.854,129.529,130.078,146.119,169.044,186.298,211.422,232.275,263.749,277.52,
3380917603,153.373,157.38,155.779,174.04,195.079,212.182,236.75,255.221,289.484,301.109,
3380917605,197.392,190.698,200.724,212.689,231.528,253.019,269.807,293.766,324.08,334.047,
3380917607,239.476,241.208,249.34,254.976,284.233,294.953,317.086,341.423,364.251,383.853,
3380917609,298.508,296.613,305.356,307.709,336.587,350.594,366.063,394.126,412.508,432.883,
3380917611,351.965,359.484,352.421,370.133,385.868,397.462,425.461,433.319,470.204,478.519,
3380917613,378.693,373.518,376.22,389.667,400.349,426.117,438.539,457.988,490.188,493.359,
3380917615,334.047,335.664,336.125,351.965,366.29,384.749,405.886,421.519,455.836,457.558,
3380917617,456.482,448.504,459.492,461.854,486.165,503.473,511.236,541.807,558.065,570.542,
3380917619,471.272,462.926,474.046,482.346,497.157,516.465,527.926,555.192,574.619,582.346,
3380917621,423.491,417.569,419.326,435.278,448.288,469.563,482.558,502.842,535.809,536.016,
3380917703,75.276,78.766,81.953,98.85,123.474,142.607,167.198,189.406,221.267,234.017,
3380917705,77.895,77.313,84.84,97.999,123.75,143.419,164.024,191.472,220.009,234.266,
3380917707,74.401,80.216,83.398,98.566,123.75,142.066,167.462,190.181,221.267,234.763,
3380917709,77.313,78.766,82.82,98.85,122.646,142.607,166.405,190.44,221.769,234.266,
3380917711,77.313,79.346,83.109,101.117,123.75,142.607,166.933,190.181,222.021,233.769,
3380917713,75.858,79.346,83.686,98.85,125.956,141.524,166.141,191.214,220.009,236.005,
3380917715,78.476,78.185,83.398,101.117,122.922,144.23,165.876,191.214,222.021,233.022,
3380917717,76.732,77.895,85.416,98.283,124.854,143.419,165.612,192.246,220.009,236.254,
3380917719,77.604,80.795,83.109,99.984,124.854,142.878,168.253,189.147,220.512,234.515,
3380917721,76.441,79.926,83.686,99.134,125.681,142.066,168.517,190.956,221.267,234.266,
3380917723,77.023,77.895,85.416,98.85,126.507,143.959,165.612,193.277,219.758,234.763,
3380917725,78.476,79.636,82.531,100.267,123.474,143.148,167.198,190.698,221.518,234.266,
3380917727,79.346,78.185,85.992,98.85,123.198,145.849,166.669,193.02,220.009,234.017,
3380917729,77.895,77.604,86.28,98.566,125.956,144.23,165.876,193.02,220.261,234.763,
3380917731,77.023,78.185,85.992,97.715,125.405,143.419,166.669,193.02,220.009,236.502,
3380917733,79.636,79.056,85.704,100.551,124.578,144.77,166.405,192.504,221.267,233.022,
3380917735,76.732,80.795,84.263,102.248,125.681,141.795,168.253,190.698,221.267,235.757,
3380917737,79.346,78.766,87.143,99.701,124.578,146.389,166.669,192.246,220.512,234.017,
3380917739,77.895,79.636,87.143,98.566,126.782,143.689,167.726,193.793,218.75,235.509,
3380917741,78.476,81.085,83.686,101.682,124.854,144.5,168.253,191.214,222.272,233.52,
3380917743,76.441,81.953,83.975,100.834,126.231,144.77,169.571,191.73,222.021,234.266,
3380917745,77.604,81.953,84.84,99.701,124.854,144.23,168.253,191.73,222.021,235.26,
3380917747,77.023,80.506,84.84,99.701,126.782,143.419,167.726,191.73,219.758,236.254,
3380917749,76.441,79.636,85.128,100.267,128.431,143.689,169.044,191.988,219.758,236.75,
3380917751,77.604,80.795,85.416,100.834,127.332,143.419,169.571,191.988,221.769,236.254,
3380917753,79.346,81.664,85.416,101.4,125.681,144.77,167.726,191.472,222.523,234.763,
3380917755,77.023,81.664,85.992,100.551,128.156,143.148,169.308,191.988,220.764,235.509,
3380917757,78.185,81.953,84.84,100.834,125.681,144.23,169.044,191.73,221.267,234.763,
3380917759,77.023,80.795,88.005,98.85,127.332,144.77,168.253,193.277,220.261,236.005,
3380917761,78.185,80.216,86.855,99.134,127.332,144.5,168.253,193.535,220.512,236.005,
3380917763,77.313,82.242,85.704,100.267,128.156,144.23,168.253,192.762,219.506,236.005,
3380917765,78.476,81.664,85.992,102.248,125.681,145.04,169.308,192.246,222.272,234.515,
3380917767,77.313,81.085,86.28,100.267,128.156,143.959,168.253,192.246,221.518,236.502,
3380917769,79.056,79.636,87.43,100.551,127.882,145.58,166.669,194.565,221.518,235.26,
3380917771,80.216,79.346,87.143,101.965,126.782,146.119,167.198,194.565,221.267,235.26,
3380917773,79.636,79.926,87.717,101.682,126.231,147.466,167.989,193.02,221.518,235.012,
3380917775,81.085,79.926,87.717,101.682,127.057,146.658,168.253,194.05,221.267,233.769,
3380917777,79.926,80.216,86.28,102.53,126.782,146.658,168.517,192.504,222.272,233.52,
3380917779,80.795,80.216,87.143,101.682,127.057,147.466,167.726,194.05,221.267,234.017,
3380917781,79.636,81.953,85.992,102.248,127.332,145.58,170.098,192.504,223.025,235.012,
3380917783,79.346,82.82,85.416,102.813,127.057,146.389,169.044,191.988,222.523,234.763,
3380917785,79.056,82.82,86.28,102.248,126.782,146.119,169.308,192.504,221.769,234.266,
3380917787,78.766,83.109,85.416,103.377,126.507,145.58,170.625,192.762,222.523,235.012,
3380917789,81.085,79.926,87.717,101.4,127.882,147.466,167.726,194.05,222.021,235.26,
3380917791,80.216,80.506,87.143,102.248,127.607,147.736,168.253,194.05,221.015,234.515,
3380917793,79.926,80.216,89.726,101.4,128.156,146.389,168.781,194.565,221.015,235.509,
3380917795,78.766,82.531,86.28,102.53,127.332,144.5,170.888,192.762,222.523,234.515,
3380917797,79.346,83.686,85.704,103.659,128.156,145.58,169.571,191.988,221.769,234.515,
3380917799,79.056,79.636,89.726,101.4,128.706,146.928,168.253,194.05,219.758,235.509,
3380917801,78.476,81.664,87.717,102.248,128.706,145.31,168.517,194.05,220.009,235.509,
3380917803,78.476,83.398,86.568,103.095,130.078,145.31,169.835,193.793,220.009,236.254,
3380917805,80.216,81.374,87.717,102.813,127.332,147.736,167.726,194.565,222.021,234.266,
3380917807,79.056,84.552,87.43,103.659,128.156,145.58,171.677,192.504,221.267,235.509,
3380917809,80.216,80.216,88.579,101.4,127.882,148.005,168.253,193.793,221.267,235.012,
3380917811,80.795,81.664,88.866,103.942,127.882,147.736,169.044,194.05,222.774,233.769,
3380917813,81.664,81.953,87.717,104.506,127.607,148.005,168.781,193.02,222.774,234.515,
3380917815,79.346,81.953,89.439,102.248,128.98,147.197,168.781,194.05,221.267,235.509,
3380917817,80.216,83.398,88.866,103.095,130.626,146.928,170.361,194.565,221.267,237.246,
3380917819,83.109,82.82,88.866,105.069,127.882,148.543,169.835,194.565,223.527,234.266,
3380917821,81.085,84.552,89.439,104.506,131.721,147.736,171.151,195.851,221.518,237.246,
3380917823,84.263,84.84,91.158,106.476,131.174,150.961,171.414,197.135,224.028,238.486,
3380917825,83.686,88.005,91.73,107.601,133.635,149.887,174.827,196.879,225.532,239.229,
3380917827,86.855,90.299,96.862,110.126,136.907,153.908,176.922,199.444,226.534,242.444,
3380917829,94.3,94.585,101.682,115.433,140.982,160.575,181.621,206.086,232.773,245.404,
3380917831,114.318,118.769,121.54,137.996,160.575,178.752,201.236,222.523,252.529,263.506,
3380917833,129.529,127.607,136.635,148.543,171.94,193.277,209.646,237.742,260.832,274.873,
3380917835,122.646,121.263,129.803,141.524,166.933,186.817,205.066,231.279,256.198,269.323,
3380918027,78.185,83.975,87.43,104.787,130.626,146.119,170.888,193.02,222.272,236.005,
3380918029,81.085,81.085,89.153,104.224,129.255,149.618,169.044,195.337,220.512,235.26,
3380918031,79.636,83.975,87.143,106.195,129.529,148.005,170.625,191.988,222.272,235.26,
3380918033,80.795,81.085,88.292,105.351,129.803,149.081,168.781,193.793,223.276,234.266,
3380918035,78.476,83.975,87.43,104.224,131.174,146.389,170.888,193.277,221.769,236.75,
3380918037,79.926,84.263,87.717,104.787,129.803,147.736,170.625,192.246,223.025,236.005,
3380918039,79.056,82.242,90.013,103.942,130.352,147.197,168.517,194.565,220.512,236.254,
3380918041,79.346,82.242,89.726,103.377,131.447,147.466,169.835,194.565,220.009,236.75,
3380918043,81.953,82.242,89.153,105.069,129.255,148.543,169.835,194.05,222.021,235.012,
3380918045,80.506,82.531,88.579,106.758,129.529,148.812,170.098,193.535,223.527,235.012,
3380918047,78.476,83.686,88.866,104.224,132.815,147.736,170.888,193.793,223.025,237.246,
3380918049,80.216,82.531,90.299,104.506,131.721,148.005,169.835,195.851,221.015,237.742,
3380918051,81.085,82.242,88.579,107.32,130.352,148.274,169.571,193.02,223.527,234.763,
3380918053,79.926,83.686,88.579,105.069,131.721,146.389,171.414,194.308,221.518,237.246,
3380918055,81.664,82.531,88.579,107.601,130.078,149.887,170.625,193.793,224.028,235.509,
3380918057,80.506,83.109,88.292,106.758,129.803,149.618,170.361,193.535,224.279,235.26,
3380918059,79.926,83.109,89.439,103.659,131.721,148.812,170.625,195.851,221.015,236.998,
3380918061,78.766,85.704,88.866,106.758,131.447,148.274,171.94,193.535,224.028,236.005,
3380918063,79.636,83.109,90.872,103.942,131.995,148.274,170.625,195.337,221.015,237.99,
3380918065,82.242,84.263,88.579,108.162,130.626,149.887,170.361,193.535,224.279,234.763,
3380918067,82.531,83.686,90.013,107.039,129.803,149.35,170.625,194.05,223.778,234.763,
3380918069,81.664,82.531,89.726,108.443,130.078,149.35,170.625,194.308,224.028,234.515,
3380918071,80.216,84.84,89.153,107.882,131.174,148.274,172.203,193.277,223.276,236.005,
3380918073,80.506,82.242,90.013,105.351,132.815,148.005,170.098,196.108,221.769,236.254,
3380918075,81.953,82.82,89.153,107.039,129.803,149.887,171.151,195.079,223.025,234.763,
3380918077,81.664,82.82,90.013,106.758,130.626,150.424,170.888,195.594,222.523,234.763,
3380918079,81.953,84.263,88.866,109.004,131.174,150.156,171.677,193.793,223.778,235.26,
3380918081,81.374,83.686,92.302,106.195,132.268,149.35,171.414,196.622,222.021,235.757,
3380918083,81.953,84.263,90.299,107.039,130.352,150.693,170.625,195.337,223.025,235.26,
3380918085,81.664,84.263,91.444,105.632,131.995,149.35,170.625,196.879,222.523,237.246,
3380918087,81.953,85.416,88.292,108.443,132.542,150.156,172.203,193.02,223.527,235.757,
3380918089,82.242,84.84,90.299,105.914,133.635,149.618,172.465,195.851,222.272,238.238,
3380918091,80.795,84.552,92.016,105.914,133.635,149.35,171.414,196.108,221.769,237.246,
3380918093,80.506,85.704,90.299,106.476,132.268,148.543,173.516,195.079,222.774,236.998,
3380918095,82.82,85.704,89.153,108.162,131.174,150.424,172.203,193.793,224.53,235.509,
3380918097,81.953,83.975,91.158,106.758,132.542,150.961,170.625,196.879,222.523,237.246,
3380918099,81.085,84.263,92.302,106.476,132.815,149.618,171.677,196.365,221.769,236.502,
3380918101,83.686,84.263,91.73,107.039,132.268,151.766,171.414,196.622,222.272,236.005,
3380918103,82.242,85.704,90.872,106.476,133.908,149.887,172.991,195.851,221.015,237.99,
3380918105,83.975,84.263,90.872,107.32,132.268,151.498,171.151,195.079,222.272,236.005,
3380918107,84.263,85.704,90.872,109.285,131.174,151.498,172.203,195.337,225.282,235.26,
3380918109,81.953,86.28,90.299,108.724,134.181,148.812,174.04,195.337,223.778,236.75,
3380918111,83.109,84.552,91.158,108.724,131.174,151.766,171.414,196.108,224.53,234.763,
3380918113,83.975,84.84,90.299,108.162,131.995,151.229,171.94,195.594,225.031,235.509,
3380918115,81.953,85.704,90.299,107.32,134.727,149.618,173.778,195.079,223.778,237.742,
3380918117,81.953,86.568,91.444,107.32,134.454,150.424,173.516,196.879,222.021,238.486,
3380918119,83.398,86.28,90.299,109.845,132.542,151.498,173.253,195.079,225.031,235.757,
3380918121,84.552,86.855,90.585,109.285,132.542,150.693,173.516,194.308,224.028,236.502,
3380918123,81.664,86.568,91.444,107.32,136.09,149.618,172.991,195.851,223.276,238.486,
3380918125,84.263,85.704,92.302,108.724,132.542,152.302,172.203,196.365,224.53,235.26,
3380918127,85.704,86.28,93.159,108.724,133.089,152.838,171.677,196.879,224.279,236.005,
3380918129,83.109,88.292,92.588,109.004,136.09,150.961,174.827,196.365,224.781,238.238,
3380918131,85.416,89.726,92.588,111.245,135,153.373,175.875,197.135,227.034,237.99,
3380918133,85.416,90.299,94.87,111.525,138.539,154.176,175.875,200.212,225.532,240.714,
3380918135,89.439,90.299,95.724,113.481,137.724,156.847,176.66,200.98,229.033,240.219,
3380918137,92.588,94.585,98.85,118.491,140.711,160.043,180.057,203.28,231.528,242.444,
3380918139,95.155,99.134,102.53,120.432,145.58,162.433,185.001,206.85,235.26,246.881,
3380918141,107.32,107.882,115.433,131.447,153.908,173.516,192.762,216.481,242.691,253.998,
3380918143,122.922,127.332,133.908,147.466,174.565,188.63,210.407,232.773,256.931,272.463,
3380918145,155.245,160.043,165.612,178.491,207.613,219.254,241.455,263.749,286.144,302.998,
3380918147,199.444,195.337,206.086,217.238,241.455,260.101,273.91,301.345,323.149,332.892,
3380918149,239.724,246.881,250.077,263.992,290.675,298.508,323.847,343.95,362.89,381.387,
3380918151,302.526,296.613,309.12,318.954,339.352,357.664,368.778,396.795,416.47,426.336,
3380918182,82.242,82.242,90.013,106.476,131.447,150.424,168.781,194.05,220.261,234.017,
3380918184,80.216,86.28,88.292,106.758,132.542,148.005,172.203,193.02,221.267,234.266,
3380918186,80.795,83.975,87.43,107.882,130.626,149.618,171.414,193.02,221.518,232.773,
3380918188,80.506,85.128,88.579,106.758,133.362,147.736,171.677,193.277,220.261,235.26,
3380918190,79.926,84.552,89.439,106.476,133.362,148.005,172.203,194.05,220.764,235.509,
3380918192,80.506,85.128,88.579,107.32,131.447,149.618,172.203,192.504,221.518,232.773,
3380918194,82.82,83.686,91.73,107.882,131.721,150.961,169.835,194.565,219.758,234.017,
3380918196,81.953,83.686,91.158,108.162,131.447,150.961,169.835,194.822,221.769,232.275,
3380918198,80.795,84.84,89.439,105.351,133.362,148.274,171.414,193.535,219.506,235.757,
3380918200,81.374,86.28,88.005,107.882,132.268,149.887,171.94,193.02,222.272,234.017,
3380918202,81.664,86.568,87.43,108.724,131.995,149.618,172.728,192.762,221.267,233.52,
3380918204,82.242,85.416,88.292,108.724,131.721,149.618,170.888,193.02,221.769,233.769,
3380918206,80.506,83.109,93.444,106.758,132.268,149.081,171.414,195.079,218.75,235.012,
3380918208,81.664,83.398,91.444,107.601,133.362,151.498,170.625,195.079,221.015,234.763,
3380918210,80.216,85.128,90.872,106.195,134.454,149.35,172.203,193.793,219.758,236.254,
3380918212,83.109,85.416,91.158,109.565,131.174,151.229,171.677,194.822,223.025,232.773,
3380918214,82.531,85.416,89.726,108.724,132.268,150.961,171.677,193.535,222.272,233.52,
3380918216,80.506,86.568,89.726,107.32,133.635,149.081,173.253,193.535,222.021,234.515,
3380918218,83.398,86.28,89.153,109.285,131.721,149.887,172.991,193.535,222.272,234.266,
3380918220,79.926,85.704,90.013,107.601,133.908,149.618,173.253,194.565,222.021,234.763,
3380918222,82.531,84.263,92.873,107.882,133.635,150.693,170.888,195.594,221.015,235.26,
3380918224,83.686,84.263,91.73,107.882,133.089,152.302,171.151,195.851,220.764,234.266,
3380918226,82.242,84.263,92.302,106.758,134.181,150.156,171.94,195.851,220.009,235.509,
3380918228,84.263,84.263,91.444,108.724,131.995,152.034,171.94,195.594,222.523,233.769,
3380918230,85.704,85.128,92.302,107.882,132.815,153.641,171.151,195.851,221.518,233.271,
3380918232,83.398,85.416,92.016,110.406,131.174,152.57,171.151,195.337,223.527,233.022,
3380918234,82.242,83.975,93.729,107.882,133.635,151.229,171.151,196.879,220.512,234.763,
3380918236,83.686,83.975,91.444,107.601,134.727,153.373,171.151,195.851,221.267,234.763,
3380918238,84.263,84.84,91.73,109.004,132.542,153.105,172.203,195.851,222.523,233.52,
3380918240,82.242,85.704,92.588,108.443,134.727,151.498,171.151,196.879,221.015,235.26,
3380918242,80.795,87.43,91.158,108.162,134.727,149.35,172.728,195.337,222.272,235.26,
3380918244,83.975,84.84,92.016,108.443,133.908,152.034,171.151,196.879,222.021,235.26,
3380918246,84.552,84.84,92.873,109.285,133.362,152.302,170.888,195.594,221.015,234.515,
3380918248,83.975,84.84,93.444,109.565,133.362,153.105,171.414,196.622,222.774,234.017,
3380918250,86.28,85.128,93.444,109.285,132.542,153.105,171.414,196.365,222.021,235.012,
3380918252,84.552,85.992,92.016,110.406,132.815,151.498,172.465,195.337,222.523,234.017,
3380918254,82.82,87.43,92.873,108.162,135.273,151.766,173.516,197.135,220.512,236.75,
3380918256,82.82,86.568,94.015,109.004,135,150.961,173.253,196.108,221.769,235.757,
3380918258,84.552,87.143,90.299,111.525,134.454,151.498,172.465,195.079,224.028,234.515,
3380918260,83.398,89.153,90.872,109.845,133.635,151.498,174.565,194.05,223.025,234.017,
3380918262,83.398,86.28,92.588,109.004,136.09,150.156,172.728,196.365,222.021,236.254,
3380918264,83.686,87.143,92.873,109.004,135.273,151.498,173.778,196.108,220.261,237.494,
3380918266,83.975,89.726,91.444,109.845,133.635,151.229,174.827,195.337,222.774,235.757,
3380918268,84.84,86.855,91.444,111.245,134.181,153.105,173.516,194.565,224.028,235.509,
3380918270,83.975,87.143,93.444,108.443,135.545,151.766,172.991,197.135,220.764,236.502,
3380918272,84.552,87.143,92.016,111.245,134.181,152.57,173.778,195.337,223.527,235.509,
3380918274,85.416,87.717,92.016,111.525,135,152.57,173.778,195.079,224.279,234.763,
3380918276,82.531,87.717,92.588,110.686,135.545,151.498,174.827,195.851,223.025,236.75,
3380918278,83.109,87.717,93.729,109.004,136.09,151.766,174.04,196.879,220.512,237.494,
3380918280,85.704,87.143,93.729,110.406,134.181,153.105,172.728,196.365,223.778,235.012,
3380918282,83.975,88.292,92.873,110.406,136.09,151.229,174.827,196.108,223.025,237.246,
3380918284,83.686,89.153,93.159,110.686,135.545,151.766,174.827,195.337,223.527,236.998,
3380918286,85.416,89.153,92.016,111.805,135,152.302,174.303,195.851,224.279,235.26,
3380918288,84.84,88.292,93.729,110.406,137.724,152.302,175.613,196.879,222.523,239.229,
3380918290,87.143,89.153,93.729,113.202,135.545,154.176,174.565,196.622,226.283,236.502,
3380918292,87.43,89.439,96.578,112.364,136.09,156.313,175.089,198.418,224.781,237.742,
3380918294,88.005,92.873,96.294,114.875,139.897,156.313,177.968,198.931,227.034,240.219,
3380918296,90.872,94.585,98.566,117.936,139.897,157.38,179.796,200.724,228.784,240.961,
3380918298,91.73,95.155,102.813,117.102,144.5,160.043,181.1,203.791,229.782,244.171,
3380918300,94.87,99.134,105.069,119.323,146.389,161.106,183.442,205.831,230.78,246.389,
3380918302,97.999,101.117,107.039,122.369,147.197,164.289,184.741,208.884,232.773,247.373,
3380918304,101.4,102.53,110.126,126.782,149.618,168.781,187.335,212.182,236.998,247.373,
3380918306,103.942,105.351,112.364,129.529,152.57,170.888,188.888,214.207,238.981,252.529,
3380918308,110.966,112.643,119.323,136.907,157.38,177.445,197.649,217.49,246.143,256.198,
3380918310,119.601,119.046,129.529,143.959,165.876,185.78,203.536,228.034,252.774,263.992,
3380918338,81.085,86.855,89.726,107.882,134.181,149.887,171.94,193.535,222.021,235.757,
3380918340,81.953,88.005,90.013,109.565,133.635,150.156,172.728,192.762,222.272,234.266,
3380918342,83.109,83.686,92.588,107.601,135,150.961,169.835,195.851,220.512,234.515,
3380918344,83.109,86.855,90.013,109.565,132.815,150.424,173.253,193.793,222.523,234.515,
3380918346,82.82,86.28,93.159,107.601,134.727,150.424,171.94,195.594,219.758,235.509,
3380918348,81.664,88.005,91.158,109.285,135,149.35,173.253,194.308,222.523,235.26,
3380918350,82.82,85.416,92.873,107.32,134.727,149.887,171.414,196.365,221.015,236.005,
3380918352,82.531,87.43,90.299,109.285,134.454,149.081,173.778,194.308,222.774,234.763,
3380918354,84.84,85.416,92.302,110.686,131.995,152.57,171.414,194.822,222.021,233.769,
3380918356,81.953,87.717,90.872,109.565,133.635,150.693,174.827,193.02,223.025,234.266,
3380918358,83.398,88.292,90.299,109.565,134.181,151.229,174.303,194.05,222.774,235.012,
3380918360,83.975,86.568,91.158,111.245,134.181,152.034,171.94,194.308,223.527,235.012,
3380918362,81.953,88.292,92.302,109.004,136.363,149.887,172.991,195.079,221.769,236.998,
3380918364,83.975,85.416,92.873,109.565,133.908,152.838,171.151,196.108,222.774,235.26,
3380918366,83.109,87.43,91.444,110.406,133.635,150.961,174.303,194.05,222.774,235.757,
3380918368,81.953,87.717,91.73,109.285,136.09,150.693,173.253,194.565,222.774,236.75,
3380918370,83.975,88.005,91.444,110.966,133.635,151.766,173.778,194.822,223.025,235.757,
3380918372,81.953,88.866,91.444,110.406,135,150.156,173.778,194.822,222.774,235.757,
3380918374,84.84,85.992,92.588,109.565,133.089,152.838,172.203,195.594,223.527,234.266,
3380918376,85.416,85.992,92.873,110.686,132.815,152.838,171.94,195.851,222.523,234.515,
3380918378,83.398,88.005,93.444,108.724,136.635,151.229,173.516,196.365,221.518,237.494,
3380918380,83.975,86.568,94.3,109.004,136.09,152.838,172.465,196.879,221.769,236.998,
3380918382,82.531,87.717,92.873,109.004,136.09,151.229,173.778,196.108,221.518,237.99,
3380918384,85.416,86.28,94.3,110.126,135,153.641,172.203,196.108,222.021,235.757,
3380918386,83.975,88.866,91.444,111.245,134.727,151.766,174.565,195.079,224.279,236.005,
3380918388,83.109,89.439,91.158,111.245,134.727,151.766,174.565,195.337,224.028,235.757,
3380918390,83.975,87.143,93.729,109.004,136.363,151.498,173.253,197.392,221.518,236.998,
3380918392,82.531,89.439,91.444,111.245,135.818,152.034,175.351,195.594,223.778,235.509,
3380918394,85.128,87.717,91.444,111.525,134.727,152.57,174.04,195.337,224.028,235.509,
3380918396,83.398,89.153,93.729,109.565,135.545,151.766,174.04,196.365,222.523,236.998,
3380918398,84.84,89.439,91.444,111.805,136.09,151.498,175.613,195.337,223.276,235.509,
3380918400,84.263,89.439,92.302,111.525,135.818,152.034,174.827,195.337,223.527,236.005,
3380918402,85.992,87.143,94.585,110.126,135.545,154.443,172.728,197.392,222.523,236.005,
3380918404,83.398,88.866,95.155,109.004,136.363,152.034,174.04,197.392,222.774,237.494,
3380918406,85.416,87.143,94.87,110.126,136.09,153.373,172.728,197.905,222.523,237.494,
3380918408,84.84,88.579,92.588,112.643,135,152.57,175.351,195.079,225.282,236.502,
3380918410,86.855,87.43,94.015,112.364,133.908,153.908,172.991,196.365,225.031,235.757,
3380918412,86.855,88.005,94.87,110.966,135,154.711,172.728,196.879,223.778,235.757,
3380918414,86.28,87.717,94.015,113.202,135,153.641,174.04,196.108,224.53,235.757,
3380918416,84.552,88.292,94.585,110.686,137.724,153.908,174.303,197.649,222.523,237.99,
3380918418,86.568,89.439,92.873,112.364,135.818,154.176,174.04,195.594,225.031,236.502,
3380918420,84.552,88.579,94.015,110.406,136.907,152.838,174.565,197.649,222.272,238.238,
3380918422,84.84,90.299,94.3,111.245,136.907,152.302,173.516,197.392,223.025,238.981,
3380918424,86.28,87.43,94.87,111.525,135.273,155.245,174.565,197.905,224.53,236.502,
3380918426,86.28,89.153,93.729,113.481,135.818,154.443,174.565,196.365,224.781,236.502,
3380918428,86.568,88.866,93.159,113.481,135.818,154.176,174.04,196.365,224.781,236.254,
3380918430,85.128,89.439,94.87,110.966,137.996,152.57,174.565,198.162,223.276,237.99,
3380918432,85.128,90.013,93.729,112.643,137.724,152.838,175.351,196.108,224.53,237.99,
3380918434,85.992,88.579,96.009,110.966,137.452,154.176,173.778,198.931,223.276,238.486,
3380918436,85.704,88.579,96.294,111.245,137.452,153.641,174.565,199.7,223.276,238.981,
3380918438,86.855,89.726,94.015,113.76,137.18,154.711,175.875,196.879,226.534,237.494,
3380918440,87.717,92.302,94.015,114.039,137.452,155.779,177.968,197.135,226.534,238.238,
3380918442,87.43,93.444,96.862,115.711,140.169,155.512,178.752,199.188,227.534,239.971,
3380918444,89.439,94.3,101.117,115.711,142.337,158.18,179.274,202.77,227.284,243.431,
3380918446,91.73,96.862,101.965,119.601,144.5,159.777,182.402,204.046,230.281,245.157,
3380918448,99.134,103.377,107.32,126.507,149.081,165.876,187.594,208.121,236.254,249.34,
3380918450,110.686,112.364,116.546,135.545,156.847,175.089,194.05,216.481,245.157,255.465,
3380918452,132.268,140.711,141.795,160.043,183.702,197.392,221.518,238.981,267.145,278.481,
3380918454,171.414,169.308,176.399,192.762,213.195,233.022,248.849,271.256,296.613,307.239,
3380918456,209.138,219.254,217.238,234.763,261.075,267.871,294.241,309.12,334.51,349.222,
3380918458,266.902,266.902,278.961,286.622,308.65,327.332,337.509,365.157,382.06,396.351,
3380918460,325.939,327.332,337.97,342.802,373.743,380.714,396.351,423.929,436.366,456.697,
3380918462,387.88,399.017,397.462,410.745,438.105,443.312,471.913,481.708,502.211,521.265,
3380918464,441.361,451.958,444.828,465.498,485.529,489.976,518.554,527.51,554.781,565.028,
3380918588,85.704,86.568,94.3,110.686,134.181,154.176,172.991,197.135,221.518,234.266,
3380918590,82.82,89.439,92.016,110.686,135.273,151.766,175.089,194.05,223.025,234.763,
3380918592,85.416,86.855,92.588,112.364,134.727,153.105,173.516,195.337,223.778,233.52,
3380918594,82.531,88.866,92.588,110.686,136.363,151.229,174.303,195.337,222.021,236.254,
3380918596,84.552,89.153,92.016,112.364,134.727,152.302,175.089,194.565,222.523,234.515,
3380918598,86.28,86.28,94.015,110.126,135.545,153.641,171.677,196.365,221.769,234.266,
3380918600,84.263,88.866,92.302,110.966,137.18,151.229,175.089,196.108,221.769,236.502,
3380918602,83.686,87.143,94.3,110.406,136.09,152.302,172.203,197.649,221.518,236.502,
3380918604,84.552,86.28,95.724,110.126,136.363,152.57,173.253,197.905,221.267,235.012,
3380918606,84.263,87.43,94.3,110.406,136.907,153.105,173.253,197.135,221.267,235.757,
3380918608,83.975,88.866,93.444,112.084,136.635,151.498,174.827,195.851,222.774,236.75,
3380918610,86.28,86.568,94.87,111.525,135.273,154.176,172.991,196.622,222.774,234.017,
3380918612,84.552,88.866,94.585,110.406,137.996,151.766,174.303,196.879,221.518,235.757,
3380918614,84.263,91.158,91.73,111.805,136.09,152.034,175.351,195.851,223.025,235.757,
3380918616,84.263,89.439,92.873,112.643,136.907,152.034,175.351,195.594,222.774,235.509,
3380918618,86.28,88.292,93.729,112.643,135.545,154.711,173.778,195.594,223.527,234.017,
3380918620,83.686,89.726,94.015,110.406,138.539,152.57,174.565,196.879,221.769,236.254,
3380918622,84.263,89.726,94.015,111.525,138.539,152.57,174.827,195.337,222.523,236.502,
3380918624,84.263,88.292,94.87,110.966,137.18,152.57,174.303,198.162,222.272,237.494,
3380918626,84.84,91.158,92.873,113.76,136.09,151.766,175.875,195.594,223.527,234.515,
3380918628,87.717,89.153,96.294,111.525,136.09,154.711,173.516,197.905,222.272,234.515,
3380918630,85.128,88.579,96.009,111.525,137.724,153.373,173.516,197.905,221.015,236.254,
3380918632,87.43,87.43,95.724,111.525,136.09,155.245,173.778,197.135,222.523,236.005,
3380918634,86.28,87.717,95.724,111.525,138.268,154.176,173.516,198.418,220.764,235.757,
3380918636,88.292,88.005,94.87,112.084,135,154.711,174.04,196.365,223.778,233.52,
3380918638,86.568,87.717,95.44,112.084,136.907,154.978,174.04,197.135,222.523,235.757,
3380918640,85.992,88.579,94.87,112.643,135.818,154.443,174.04,197.649,222.774,234.017,
3380918642,84.552,90.872,93.159,113.481,137.724,152.57,176.399,196.622,222.774,235.509,
3380918644,87.43,90.013,94.585,112.364,135.545,154.711,174.303,197.649,223.025,234.515,
3380918646,85.416,89.726,94.3,112.923,138.539,153.105,175.089,197.905,222.021,236.254,
3380918648,87.717,89.726,95.44,112.643,137.18,155.245,174.04,197.905,222.523,234.266,
3380918650,84.84,90.013,94.015,112.084,138.811,153.105,175.351,197.135,222.523,236.254,
3380918652,85.416,89.726,96.294,111.805,138.811,153.641,175.613,197.649,221.015,236.998,
3380918654,86.855,89.726,96.578,112.084,137.996,154.176,175.089,199.188,221.769,236.75,
3380918656,87.717,90.013,95.724,114.318,136.907,155.779,173.778,197.135,224.028,234.017,
3380918658,86.855,89.439,97.147,113.202,137.18,153.641,174.04,198.162,221.518,236.998,
3380918660,87.717,88.292,95.724,113.481,137.18,156.046,174.565,198.162,222.021,236.254,
3380918662,88.579,89.153,96.009,112.364,136.907,156.313,173.253,197.905,222.523,236.005,
3380918664,85.128,92.302,94.87,113.481,137.724,153.373,176.399,196.365,223.778,236.75,
3380918666,88.005,89.439,95.724,113.202,137.452,155.512,174.303,197.905,222.774,235.012,
3380918668,86.28,91.73,95.44,114.039,138.268,153.908,176.137,196.622,223.527,237.494,
3380918670,85.992,92.588,94.3,114.039,137.996,153.373,176.922,196.108,224.279,236.75,
3380918672,86.28,91.158,96.009,113.202,138.268,154.443,176.399,197.905,222.774,237.246,
3380918674,85.992,90.872,95.155,112.364,139.626,153.105,176.399,197.392,223.527,238.238,
3380918676,85.416,91.444,95.724,112.923,139.897,154.443,176.137,196.622,223.778,238.733,
3380918678,86.28,92.016,95.724,114.318,138.539,153.641,176.66,196.879,224.028,238.238,
3380918680,88.292,89.726,96.578,113.76,137.724,156.313,174.565,198.418,223.527,236.75,
3380918682,88.866,88.579,96.578,114.039,136.635,156.313,174.565,198.418,222.774,236.998,
3380918684,88.292,90.585,96.862,116.268,136.635,155.512,175.613,197.905,225.031,236.254,
3380918686,88.866,90.013,96.862,114.318,137.996,156.313,175.613,198.931,224.53,236.75,
3380918688,87.143,89.153,97.715,113.76,140.169,156.046,175.089,199.956,223.276,237.742,
3380918690,87.43,90.872,97.147,113.76,139.897,154.711,176.137,198.675,223.276,238.238,
3380918692,85.992,91.444,96.578,112.364,140.169,155.245,176.66,198.675,223.276,237.99,
3380918694,89.726,90.585,97.147,114.039,138.811,156.58,175.089,198.931,224.781,237.246,
3380918696,87.43,92.016,96.862,114.039,140.44,153.908,176.137,198.418,224.781,238.486,
3380918698,88.579,90.872,98.283,114.318,139.083,156.58,175.351,199.444,224.279,237.742,
3380918700,89.439,90.872,97.999,114.318,138.811,157.38,174.827,199.444,224.279,236.75,
3380918702,90.872,90.872,97.999,115.711,138.539,157.114,176.399,199.444,225.783,236.75,
3380918704,88.579,94.87,96.862,116.824,140.169,156.313,179.013,197.905,225.532,238.238,
3380918706,91.73,93.444,99.134,118.769,140.44,158.979,178.491,199.956,228.034,239.476,
3380918708,90.872,96.294,99.984,119.601,143.689,158.18,181.36,200.98,228.284,240.961,
3380918710,94.3,97.715,100.834,121.54,144.23,161.372,181.881,202.259,231.279,241.703,
3380918712,96.294,102.248,104.224,123.198,146.928,162.964,184.741,205.831,233.271,245.157,
3380918714,103.095,107.882,110.406,129.255,153.641,168.253,191.73,209.392,237.494,250.813,
3380918716,115.711,120.986,123.474,142.878,165.347,180.839,200.98,223.025,250.077,259.858,
3380918718,135.273,137.724,147.466,159.245,186.039,200.98,217.49,243.431,263.749,278.721,
3380918720,165.347,169.835,170.361,194.308,210.661,228.784,249.585,266.418,294.478,303.234,
3380918722,207.104,205.831,216.229,224.279,253.753,263.506,279.201,307.239,325.01,339.122,
3380918724,248.111,248.357,258.151,266.902,292.34,306.533,321.286,349.45,363.117,378.019,
3380918726,294.241,301.345,296.613,320.354,336.587,349.908,373.292,382.957,414.49,421.519,
3380918728,340.503,352.421,348.764,363.798,390.113,394.348,418.228,433.319,456.482,468.922,
3380918730,381.836,380.265,393.012,394.571,421.519,435.496,447.208,475.112,486.165,503.683,
3380918732,414.49,419.106,427.866,433.101,461.854,462.926,486.165,504.944,518.762,541.187,
3380918882,86.568,90.013,96.578,112.923,139.354,154.176,174.04,197.905,222.272,236.75,
3380918884,88.292,90.013,96.578,112.643,138.268,156.046,172.991,197.392,221.769,235.757,
3380918886,85.704,93.159,94.3,114.318,138.268,152.302,176.137,195.851,222.523,235.757,
3380918888,86.28,92.873,94.585,115.154,137.724,153.373,175.089,196.108,223.527,236.005,
3380918890,86.855,92.302,95.155,114.039,137.452,153.908,176.66,195.851,225.031,235.509,
3380918892,87.143,90.585,97.431,113.202,139.354,154.176,176.137,197.905,221.769,236.75,
3380918894,87.43,89.153,98.283,113.202,137.996,154.443,174.04,198.931,222.523,236.254,
3380918896,88.005,90.585,98.283,114.039,137.724,153.908,174.303,197.905,222.272,236.75,
3380918898,85.992,92.588,95.44,114.318,139.897,154.176,176.137,196.622,223.527,237.742,
3380918900,86.28,93.159,95.44,114.875,137.996,153.105,176.922,196.622,223.778,236.998,
3380918902,87.43,92.016,95.724,114.875,138.539,153.105,176.922,196.622,223.276,236.75,
3380918904,86.568,93.444,94.585,114.875,139.083,154.443,176.399,196.622,223.025,236.75,
3380918906,89.726,90.872,96.578,114.318,137.724,156.58,174.303,198.418,223.276,235.509,
3380918908,89.153,91.444,95.155,116.546,137.724,155.512,175.089,196.365,225.532,234.515,
3380918910,88.866,91.73,96.009,116.268,137.724,155.512,175.089,197.649,225.532,235.26,
3380918912,87.717,93.159,95.155,115.154,138.268,154.978,176.137,196.622,224.781,236.005,
3380918914,89.153,90.299,96.578,114.039,138.811,156.046,175.089,198.418,223.276,235.509,
3380918916,87.143,93.159,96.294,115.711,139.897,155.245,176.66,196.622,223.778,236.502,
3380918918,88.005,92.873,96.862,114.039,140.44,154.176,175.875,197.649,222.774,237.99,
3380918920,90.013,90.585,97.147,116.546,137.452,155.512,175.089,198.418,224.781,235.26,
3380918922,89.726,91.158,94.87,115.433,138.268,156.313,176.137,196.879,225.282,235.757,
3380918924,88.579,90.299,99.134,115.154,140.169,154.978,175.351,199.444,223.276,237.494,
3380918926,89.439,93.729,95.155,115.711,139.354,154.978,177.184,197.649,225.031,236.254,
3380918928,87.717,93.729,94.87,116.268,139.083,153.908,177.445,196.879,224.53,237.246,
3380918930,87.143,91.444,98.85,113.481,139.897,155.245,176.137,199.7,222.523,237.494,
3380918932,89.153,92.588,95.44,116.268,139.083,155.512,175.875,197.392,225.532,235.757,
3380918934,87.717,93.444,96.294,115.433,138.539,154.978,177.445,197.649,224.028,238.238,
3380918936,87.717,93.729,97.147,115.154,140.982,154.711,176.399,197.392,223.276,238.486,
3380918938,90.013,91.73,96.578,115.154,138.268,156.847,175.351,197.135,225.532,236.502,
3380918940,88.292,93.444,96.294,115.433,139.083,155.245,177.445,197.392,225.282,236.254,
3380918942,88.579,94.3,96.578,116.268,138.811,154.978,177.445,196.879,224.781,236.998,
3380918944,88.579,94.87,95.724,116.546,139.083,154.443,177.184,197.135,225.783,235.757,
3380918946,89.726,91.444,97.999,114.318,140.44,155.512,175.351,199.188,222.272,237.246,
3380918948,88.866,93.159,96.294,116.268,139.083,155.512,177.707,197.649,224.53,236.75,
3380918950,89.726,90.872,98.283,114.875,140.44,157.114,175.613,199.956,224.028,238.238,
3380918952,89.153,94.3,96.294,115.711,139.083,155.779,177.445,197.135,225.532,236.75,
3380918954,90.872,92.873,96.578,117.102,138.811,157.114,176.137,199.188,226.033,235.509,
3380918956,88.866,93.444,96.862,115.711,141.253,156.046,177.707,198.162,224.53,238.981,
3380918958,90.872,92.016,97.999,117.102,139.083,157.647,175.613,198.931,225.532,236.502,
3380918960,88.579,94.585,96.862,115.433,141.524,155.245,178.229,197.905,224.53,238.733,
3380918962,89.726,95.155,97.999,115.154,141.253,155.512,177.445,197.649,225.031,238.733,
3380918964,90.872,91.73,98.283,116.268,139.626,157.647,175.089,199.444,224.53,236.502,
3380918966,91.73,93.444,98.283,116.546,139.083,157.647,175.351,199.7,225.282,236.75,
3380918968,90.585,91.73,97.999,116.546,141.253,157.913,175.351,200.724,225.031,237.99,
3380918970,89.153,93.159,99.417,115.154,140.44,155.779,177.707,199.7,224.279,239.724,
3380918972,91.444,92.016,98.85,116.268,139.626,158.18,176.137,199.444,225.282,237.246,
3380918974,90.872,92.302,97.999,116.268,140.44,157.913,176.137,200.468,224.53,238.486,
3380918976,89.153,94.3,97.715,116.268,141.524,155.779,178.229,198.162,224.53,238.981,
3380918978,89.439,95.44,96.578,117.658,139.897,156.58,178.229,197.649,227.034,236.998,
3380918980,89.153,93.444,99.984,115.711,140.982,157.114,176.399,200.468,224.279,238.981,
3380918982,91.158,93.729,98.85,118.491,139.626,157.38,176.66,198.931,226.283,236.998,
3380918984,89.439,96.294,97.715,117.38,141.253,155.779,178.491,198.418,224.781,239.724,
3380918986,89.439,95.44,97.999,117.936,140.982,156.313,178.229,199.7,225.783,238.981,
3380918988,88.579,95.155,97.999,117.102,140.711,156.046,179.013,198.931,226.784,238.238,
3380918990,90.299,95.44,98.85,115.433,142.066,157.114,177.707,200.468,223.778,239.229,
3380918992,90.585,96.009,97.999,117.936,140.711,156.58,178.752,198.675,226.033,238.238,
3380918994,92.302,96.578,97.999,118.491,140.982,157.38,179.535,199.188,227.284,238.733,
3380918996,92.873,95.44,99.984,117.936,141.253,159.245,177.707,200.98,227.534,238.238,
3380918998,92.016,96.009,101.117,118.213,143.419,158.446,179.535,201.747,226.283,240.219,
3380919000,94.3,96.578,99.701,120.432,142.607,159.511,180.318,200.724,228.284,239.724,
3380919002,94.015,97.715,104.224,119.878,145.31,160.84,181.36,205.066,227.534,242.197,
3380919004,96.578,101.682,105.632,123.474,147.736,162.168,184.482,205.576,231.03,244.664,
3380919006,102.53,106.476,111.805,127.607,152.57,167.989,187.853,211.168,234.515,249.094,
3380919008,109.285,113.481,117.658,134.181,160.309,174.04,194.822,216.986,240.714,254.487,
3380919010,120.432,128.156,130.9,147.466,174.04,186.039,208.121,228.784,253.508,266.66,
3380919012,152.034,153.641,157.647,176.922,194.822,213.448,231.777,251.794,279.921,288.292,
3380919014,182.662,180.578,187.594,200.98,224.028,242.444,256.687,282.557,303.706,313.577,
3380919016,206.34,204.556,209.646,228.034,246.389,265.933,280.401,300.873,327.332,333.585,
3380919018,275.836,269.565,283.754,293.766,315.917,332.661,341.653,370.133,387.657,397.462,
3380919020,310.529,305.356,312.874,328.492,344.868,363.344,375.545,398.351,419.545,428.521,
3380919022,357.664,363.571,358.12,381.387,396.128,410.965,428.739,441.144,472.126,477.03,
3380919024,394.571,408.096,403.452,416.47,442.228,445.91,472.126,484.044,505.364,520.431,
3380919026,414.71,414.05,414.27,434.19,448.072,463.57,477.242,495.259,523.557,522.932,
3380919028,413.61,425.023,419.106,439.842,455.406,467.211,491.88,499.475,528.965,536.016,
3380919030,415.15,415.59,424.804,433.972,461.425,467.211,482.346,502.632,518.345,537.258,
3380919032,415.81,427.866,424.586,437.018,465.07,468.922,492.725,506.414,525.43,538.706,
3380919034,417.569,424.804,420.861,442.878,458.203,468.066,489.553,495.892,529.795,534.566,
3380919084,90.299,90.013,96.862,114.597,137.996,156.313,173.516,197.135,221.769,232.524,
3380919086,86.855,92.302,96.009,114.318,139.897,153.373,175.613,196.879,220.512,235.757,
3380919088,86.855,90.872,97.999,113.481,139.897,154.443,174.827,197.135,220.764,234.763,
3380919090,87.717,92.016,96.578,114.039,140.711,154.443,175.875,197.135,220.512,235.26,
3380919092,87.43,94.3,95.724,114.875,139.626,154.711,176.137,196.622,221.769,234.763,
3380919094,90.872,92.016,96.294,116.824,137.18,154.978,176.137,195.851,223.778,233.271,
3380919096,87.717,94.585,95.44,115.989,138.268,153.908,176.399,196.365,222.523,233.769,
3380919098,90.585,92.588,96.578,114.875,137.452,156.58,175.351,196.879,223.025,232.773,
3380919100,89.439,94.585,95.155,115.989,137.996,154.443,176.922,195.851,222.272,234.266,
3380919102,87.717,93.159,94.87,115.433,138.811,155.245,176.66,196.108,222.774,234.266,
3380919104,90.013,91.444,95.155,116.546,138.539,156.313,175.351,196.622,224.53,233.52,
3380919106,90.585,91.444,98.283,114.875,139.083,156.046,174.303,198.418,222.021,234.763,
3380919108,90.299,92.016,96.009,116.268,137.724,156.313,175.351,196.108,223.778,233.769,
3380919110,90.299,92.016,96.862,116.546,138.268,156.58,175.089,197.905,224.028,233.769,
3380919112,89.153,92.016,97.715,114.039,139.897,155.245,174.827,198.931,221.769,235.757,
3380919114,90.585,92.016,97.147,116.268,137.452,156.847,174.04,197.649,223.276,234.017,
3380919116,90.013,93.159,95.724,117.38,139.626,156.313,175.613,195.851,224.028,235.26,
3380919118,90.013,92.302,98.85,114.318,141.253,155.779,174.565,198.931,221.518,237.246,
3380919120,91.444,92.873,98.283,116.546,138.268,156.046,174.303,198.162,223.276,235.012,
3380919122,90.013,92.302,98.85,115.154,140.711,155.512,175.351,198.675,222.272,236.998,
3380919124,89.726,95.44,96.009,117.102,138.539,155.779,176.922,196.108,223.778,235.26,
3380919126,89.439,94.015,98.283,114.597,141.253,153.641,175.875,197.392,222.774,237.742,
3380919128,88.866,94.585,96.009,117.102,140.169,155.245,176.66,196.108,223.276,236.005,
3380919130,90.585,92.302,97.431,117.38,138.539,156.58,175.089,197.135,225.031,234.763,
3380919132,92.016,92.588,98.283,116.824,138.539,157.38,175.351,197.905,223.778,236.254,
3380919134,88.579,94.87,97.715,115.433,140.982,155.512,177.184,197.649,221.769,237.742,
3380919136,91.444,94.87,96.578,116.824,140.44,156.58,177.707,197.135,225.282,236.254,
3380919138,89.439,94.87,97.999,117.102,142.066,154.443,175.613,197.392,223.527,237.99,
3380919140,90.872,94.585,96.294,118.491,138.811,156.58,176.66,195.851,224.781,236.005,
3380919142,89.153,95.155,96.862,117.658,140.44,155.245,176.922,198.162,224.781,236.75,
3380919144,89.153,94.015,99.417,115.433,141.253,155.779,177.707,198.931,222.272,238.486,
3380919146,89.726,92.873,100.267,116.546,140.711,156.046,175.613,198.931,222.272,237.742,
3380919148,89.726,95.155,98.283,116.824,140.982,155.245,177.445,197.649,224.279,238.238,
3380919150,89.439,94.87,98.85,117.38,141.524,156.046,177.445,197.392,223.778,238.486,
3380919152,90.013,93.729,100.267,114.597,141.795,155.245,177.184,199.188,223.527,237.494,
3380919154,91.73,93.444,99.134,116.546,140.169,157.38,175.351,198.931,224.279,236.75,
3380919156,92.016,93.444,97.715,118.769,138.811,157.114,176.399,197.905,225.783,236.005,
3380919158,90.872,95.724,97.147,117.936,140.711,156.046,177.707,197.649,224.781,236.998,
3380919160,90.299,95.724,98.283,116.268,142.337,155.779,177.707,198.162,224.53,238.981,
3380919162,89.726,95.44,97.999,117.38,141.795,155.512,176.66,196.879,223.778,239.724,
3380919164,92.016,93.729,99.417,117.936,139.626,157.913,175.613,198.162,223.527,236.998,
3380919166,91.73,92.873,100.551,116.824,140.711,157.38,175.613,198.931,224.53,237.99,
3380919168,91.73,95.724,97.999,117.936,139.897,157.114,177.184,196.879,225.532,236.998,
3380919170,90.013,95.155,99.134,116.824,142.607,155.512,178.229,197.905,224.279,238.981,
3380919172,93.159,94.585,99.134,118.491,140.169,157.38,176.399,198.931,225.783,236.254,
3380919174,90.872,96.294,97.431,118.213,140.169,156.58,179.013,197.649,225.783,237.494,
3380919176,91.158,94.3,101.4,116.546,142.337,156.58,176.399,200.212,223.527,237.742,
3380919178,92.873,93.729,99.417,117.38,139.897,157.913,176.66,198.931,225.282,236.254,
3380919180,91.444,93.159,100.834,117.102,141.253,157.114,176.137,199.7,223.527,237.742,
3380919182,92.588,94.87,98.283,118.491,139.897,157.38,177.184,198.675,225.783,237.99,
3380919184,92.302,94.87,98.283,118.491,140.169,157.647,177.707,196.879,226.534,236.998,
3380919186,92.873,94.015,99.701,117.658,141.253,158.446,175.875,199.7,225.282,237.742,
3380919188,91.158,96.862,98.85,118.491,140.982,155.779,178.752,197.905,225.031,236.75,
3380919190,93.159,94.3,99.984,118.491,140.169,158.713,176.922,198.675,226.283,236.75,
3380919192,91.158,95.155,102.248,117.38,142.066,157.114,177.445,200.98,223.527,239.229,
3380919194,92.016,95.155,102.53,117.936,142.607,156.847,177.445,200.98,223.778,238.981,
3380919196,95.44,96.294,101.117,120.709,141.253,158.979,177.968,199.7,227.034,237.99,
3380919198,94.585,97.715,103.377,122.093,143.419,161.637,179.535,202.259,227.784,239.724,
3380919200,98.283,100.834,105.351,124.854,146.119,162.964,181.881,203.536,231.777,241.95,
3380919202,101.4,103.942,108.443,126.231,147.466,166.141,183.702,207.358,232.773,244.664,
3380919204,105.351,107.882,113.481,130.078,153.641,169.835,188.63,212.182,236.502,249.831,
3380919206,112.364,118.491,121.263,137.18,163.494,175.613,197.905,218.246,243.431,256.931,
3380919243,89.153,92.873,96.578,116.546,137.996,155.245,174.565,195.851,224.781,235.26,
3380919245,91.158,92.016,97.999,115.711,138.268,156.046,173.778,197.135,222.774,235.012,
3380919247,88.579,94.585,95.724,117.102,138.539,155.512,176.399,195.337,224.028,235.26,
3380919249,88.579,91.73,99.984,114.875,140.169,154.176,174.303,198.675,222.272,236.254,
3380919251,88.579,93.444,97.715,115.154,139.897,153.641,175.875,195.851,222.774,236.75,
3380919253,89.726,94.015,94.015,117.102,137.724,155.245,176.922,195.079,224.781,235.012,
3380919255,87.43,94.87,96.578,115.433,140.44,153.105,176.399,196.365,222.272,237.99,
3380919257,88.579,95.44,96.862,116.824,138.268,153.105,176.922,196.365,224.781,236.254,
3380919259,89.726,91.444,98.566,114.597,139.897,155.512,172.991,199.188,222.272,237.246,
3380919261,91.73,93.444,96.862,117.936,138.539,155.245,174.303,195.851,225.031,235.509,
3380919263,91.444,95.155,96.294,116.824,138.539,155.779,175.613,195.851,224.028,235.757,
3380919265,89.153,93.729,97.431,114.597,140.982,154.443,175.351,197.135,223.276,237.99,
3380919267,91.158,92.016,98.85,115.711,138.811,156.847,173.516,198.162,223.527,235.509,
3380919269,91.158,92.016,98.85,116.546,138.811,157.38,174.303,197.905,223.276,235.012,
3380919271,89.153,95.44,96.578,116.546,139.083,154.978,177.445,196.365,223.778,236.254,
3380919273,90.299,92.016,99.984,115.154,140.44,155.245,174.04,198.418,223.527,237.246,
3380919275,90.585,95.44,96.578,116.824,138.811,156.313,177.445,196.365,224.279,236.998,
3380919277,88.866,94.015,98.283,115.154,140.169,155.245,176.399,197.649,222.272,238.733,
3380919279,90.299,94.3,96.578,117.38,139.354,156.046,175.875,196.365,224.53,236.005,
3380919281,90.013,93.444,99.701,114.875,140.169,155.245,175.351,198.931,223.025,237.99,
3380919283,91.73,94.87,96.578,117.102,139.897,156.313,176.137,196.622,224.53,236.75,
3380919285,89.726,95.724,97.147,118.213,140.169,154.711,177.707,196.622,225.031,236.998,
3380919287,91.444,92.588,99.701,115.711,140.982,157.114,174.565,198.931,223.527,237.99,
3380919289,91.444,94.015,97.999,118.213,138.811,157.38,176.137,197.649,225.783,236.998,
3380919291,90.872,92.302,99.984,115.154,139.626,157.114,175.351,199.444,223.778,237.742,
3380919293,89.726,95.724,98.85,117.936,140.44,154.176,177.968,197.905,225.031,238.981,
3380919295,90.013,95.44,97.999,117.102,139.897,153.641,177.184,197.135,224.279,237.494,
3380919297,91.444,95.44,96.862,118.213,140.169,156.58,177.707,197.392,225.783,237.246,
3380919299,89.439,94.87,97.999,115.711,141.795,154.978,177.184,198.675,223.025,239.229,
3380919301,91.73,93.729,99.984,116.824,140.44,157.38,175.351,199.444,224.028,238.238,
3380919303,90.872,94.585,98.85,115.989,141.795,156.58,176.922,198.418,223.276,238.486,
3380919305,92.016,95.155,97.715,117.38,140.169,157.114,176.922,197.135,225.783,236.998,
3380919307,91.158,93.729,99.701,116.824,139.897,157.38,175.089,199.956,224.53,238.486,
3380919309,92.588,93.444,99.984,116.546,140.982,157.647,174.565,199.956,223.778,237.742,
3380919311,90.872,94.585,100.551,115.989,142.337,156.313,177.445,198.931,224.279,240.219,
3380919313,90.872,96.009,99.134,116.824,142.607,155.779,177.184,199.188,224.781,239.476,
3380919315,93.159,92.873,99.984,117.38,139.626,158.446,175.351,199.7,224.279,237.742,
3380919317,91.73,97.147,97.147,118.213,140.44,156.313,177.707,197.905,226.033,237.99,
3380919319,90.585,95.44,98.85,115.711,142.337,156.046,177.707,199.188,224.279,239.724,
3380919321,91.158,95.155,99.134,117.38,142.878,156.58,177.445,199.188,223.527,239.971,
3380919323,94.015,94.87,100.551,117.936,139.897,158.446,176.66,199.956,224.781,236.998,
3380919325,91.73,96.862,98.566,119.046,140.982,157.114,177.707,198.162,225.783,237.99,
3380919327,91.73,96.578,99.134,118.769,141.253,156.313,177.968,197.649,226.784,237.99,
3380919329,92.302,96.294,98.566,118.491,140.169,157.647,178.229,198.418,227.034,238.486,
3380919331,91.73,94.585,101.117,116.824,140.982,156.046,176.66,200.212,224.028,238.733,
3380919333,92.302,97.999,98.566,118.491,140.169,157.38,178.229,198.418,227.034,237.742,
3380919335,93.444,96.009,98.85,119.046,140.169,157.647,177.184,197.905,226.784,237.99,
3380919337,91.158,96.294,99.701,117.658,142.337,156.313,178.491,199.444,225.783,239.724,
3380919339,92.873,94.015,100.267,117.38,142.607,156.847,176.399,200.468,224.781,238.486,
3380919341,94.585,95.44,100.267,118.769,140.169,158.713,176.66,199.7,226.283,236.998,
3380919343,91.73,96.862,98.566,117.936,142.878,155.512,179.013,199.188,226.534,239.724,
3380919345,92.588,95.724,102.248,117.38,142.066,157.647,177.445,200.724,225.783,239.724,
3380919347,92.588,95.155,102.53,118.769,143.419,158.713,177.445,201.236,226.534,241.95,
3380919349,95.155,97.999,103.095,120.155,142.878,159.777,178.752,202.259,227.534,240.466,
3380919351,96.578,99.984,101.682,122.922,144.5,161.372,181.36,201.747,230.281,241.455,
3380919353,98.85,103.942,104.506,124.302,145.849,162.433,183.962,203.536,232.275,242.938,
3380919355,100.551,101.682,109.004,124.578,149.618,164.818,182.922,208.121,231.777,246.635,
3380919357,104.787,108.443,112.643,128.156,154.711,168.253,189.147,210.154,236.005,251.058,
3380919359,116.824,119.046,124.578,140.711,165.876,181.36,197.649,222.021,245.897,258.883,
3380919361,141.253,140.169,144.23,164.289,183.442,200.724,218.75,239.476,266.418,276.558,
3380919421,88.866,93.729,97.431,115.154,140.44,153.641,176.399,197.135,222.523,236.998,
3380919423,90.872,93.159,97.147,117.658,138.811,156.58,175.351,196.108,225.031,235.26,
3380919425,88.579,94.585,97.147,114.318,141.524,154.711,175.875,197.135,222.272,237.494,
3380919427,89.153,95.155,97.715,114.318,140.711,154.176,175.089,197.905,222.523,237.742,
3380919429,88.866,95.44,97.147,115.711,140.982,154.443,176.922,197.135,224.028,236.998,
3380919431,92.016,92.302,97.999,116.824,137.996,156.847,174.827,198.418,223.778,235.26,
3380919433,89.439,94.87,97.147,115.154,140.44,153.908,176.137,196.879,223.778,238.238,
3380919435,90.013,92.873,99.417,114.875,139.626,155.245,174.827,198.418,222.272,236.502,
3380919437,89.439,94.3,99.417,114.318,140.44,154.711,175.613,198.675,222.523,237.742,
3380919439,88.866,95.44,96.862,116.824,139.897,154.711,176.399,196.365,225.282,236.998,
3380919441,90.299,96.009,97.147,117.936,139.354,155.512,177.445,196.365,224.028,236.254,
3380919443,92.016,92.302,98.283,116.824,138.811,157.647,173.778,198.418,224.028,236.254,
3380919445,89.153,94.87,97.999,116.824,140.982,154.978,176.66,196.879,225.031,237.742,
3380919447,92.016,94.015,96.862,118.213,138.539,156.313,175.089,196.879,225.282,235.509,
3380919449,90.299,96.578,96.862,117.658,139.354,154.176,177.707,197.905,224.53,236.75,
3380919451,91.444,96.862,96.578,117.936,139.626,155.512,177.445,197.905,225.282,235.509,
3380919453,89.726,94.3,99.134,115.433,141.253,155.245,176.137,198.418,223.276,238.981,
3380919455,90.013,95.724,99.417,115.989,141.253,153.908,177.184,197.649,223.778,238.981,
3380919457,90.299,95.724,97.431,117.936,141.253,154.711,176.922,197.649,224.53,237.742,
3380919459,90.872,93.159,99.984,116.546,140.982,156.046,175.089,198.675,223.778,237.494,
3380919461,90.585,96.009,97.715,119.323,139.626,155.779,177.445,196.879,224.53,236.75,
3380919463,90.585,94.3,99.984,116.268,140.44,155.512,175.875,198.931,223.025,238.733,
3380919465,92.016,94.015,97.999,118.769,139.083,156.313,176.399,197.649,227.034,236.502,
3380919467,91.158,96.862,97.147,118.491,138.539,155.779,177.707,197.649,225.282,237.246,
3380919469,91.158,95.724,97.715,117.38,141.795,154.711,177.445,198.931,225.031,238.486,
3380919471,90.872,96.009,98.85,117.936,142.066,154.443,177.184,198.418,224.279,238.238,
3380919473,92.302,94.87,98.85,118.213,138.811,157.38,176.66,198.418,225.031,236.005,
3380919475,92.016,96.009,97.147,117.936,140.711,157.114,177.445,197.905,226.033,237.246,
3380919477,92.302,94.3,100.551,116.268,141.524,157.114,176.399,200.724,224.028,237.99,
3380919479,92.873,95.44,99.417,119.878,139.083,157.647,176.137,199.188,226.033,235.757,
3380919481,91.444,94.015,100.267,116.824,140.711,157.114,176.399,199.956,224.279,238.486,
3380919483,90.299,94.585,101.4,116.824,141.795,156.313,176.922,199.956,224.279,238.733,
3380919485,94.015,94.585,99.417,118.213,139.897,158.18,175.875,199.188,225.532,236.502,
3380919487,91.73,96.009,99.417,117.102,142.066,156.313,177.445,198.418,224.781,238.733,
3380919489,92.873,94.87,98.566,119.323,139.897,158.446,176.66,198.675,226.784,236.254,
3380919491,94.585,95.44,99.701,118.769,139.626,158.446,176.399,198.931,225.532,237.246,
3380919493,92.588,94.015,100.551,118.491,140.711,157.913,175.613,200.724,224.53,237.99,
3380919495,93.444,94.3,99.984,116.824,141.253,158.713,175.875,199.956,224.781,236.75,
3380919497,91.444,96.294,99.417,115.989,142.607,157.114,177.184,199.444,223.276,238.981,
3380919499,92.873,97.999,98.85,118.769,140.982,156.313,178.491,198.162,226.033,237.494,
3380919501,93.729,96.009,100.551,117.658,140.982,158.713,176.399,199.956,225.282,237.742,
3380919503,92.016,97.715,99.701,116.824,143.148,157.114,178.491,199.188,224.781,239.476,
3380919505,92.873,94.87,100.551,117.936,142.066,157.114,176.399,200.212,224.53,238.238,
3380919507,92.302,95.155,101.682,116.824,141.524,158.18,175.613,200.212,224.781,238.238,
3380919509,93.444,96.294,99.417,119.046,140.711,158.713,177.445,199.7,226.784,237.246,
3380919511,93.729,95.44,100.834,118.213,140.711,158.713,178.229,199.444,225.282,236.75,
3380919513,92.588,97.999,99.134,117.102,143.419,156.313,178.491,198.418,225.031,238.238,
3380919515,94.87,96.009,99.984,119.878,140.711,159.245,177.184,200.468,226.534,236.502,
3380919517,94.3,97.999,98.85,119.323,140.982,158.446,178.752,198.418,226.033,237.742,
3380919519,92.588,97.147,99.701,119.046,142.337,156.58,180.057,199.188,225.783,238.486,
3380919521,94.87,95.44,101.682,119.046,141.253,158.713,176.66,199.956,224.781,237.99,
3380919523,95.155,95.724,101.4,119.046,140.44,157.647,177.707,200.98,225.783,237.494,
3380919525,93.159,99.134,99.134,119.601,142.337,156.847,179.274,198.418,226.283,238.238,
3380919527,92.588,98.85,101.117,119.046,142.066,157.38,179.796,199.7,226.534,239.476,
3380919529,96.009,97.147,102.53,119.878,142.066,159.777,178.229,201.236,225.532,237.742,
3380919531,96.578,98.283,100.551,120.709,142.607,159.777,179.013,200.212,227.534,238.733,
3380919533,95.44,100.551,102.53,120.709,145.04,159.511,181.1,201.747,227.284,241.455,
3380919535,96.862,99.701,105.632,121.54,145.58,162.433,179.796,203.536,228.284,241.455,
3380919537,99.134,101.682,105.069,125.129,145.31,164.818,182.402,204.811,230.78,242.197,
3380919539,100.834,107.32,107.601,128.156,149.35,164.818,186.558,206.34,232.524,244.664,
3380919541,106.476,111.525,114.875,131.721,156.046,169.044,191.472,211.422,237.742,250.567,
3380919543,115.154,116.268,121.816,139.083,161.903,177.445,195.594,218.75,243.678,255.221,
3380919555,310.294,319.421,318.488,326.868,356.071,360.393,383.629,400.349,422.834,437.453,
3380919557,343.95,349.679,352.878,361.302,391.675,395.906,416.47,434.408,452.174,469.349,
